,correct word,misspelled word,total edit distance,number of words with error,close change,changes
0,ریاست جمهور,ریاست جمهر,1.0,1.0,0.0,"[[], [1]]"
1,ریاست جمهور,ریاست جهور,1.0,1.0,1.0,"[[], [1]]"
2,ریاست جمهور,ریاست مهلور,2.0,1.0,0.0,"[[], [1, 2]]"
3,ریاست جمهور,زرسیاست جمهور,2.0,1.0,1.0,"[[2, 2], []]"
4,ریاست جمهور,هریاست جههور,2.0,2.0,0.0,"[[2], [0]]"
5,ریاست جمهور,ریایت جهور,2.0,2.0,1.0,"[[0], [1]]"
6,ریاست جمهور,رذیآس جمهور,3.0,1.0,0.0,"[[2, 0, 1], []]"
7,ریاست جمهور,ربایا جمهور,3.0,1.0,1.0,"[[0, 0, 0], []]"
8,ریاست جمهور,ریالست جدمور,3.0,2.0,0.0,"[[2], [2, 1]]"
9,ریاست جمهور,ذیات جمهر,3.0,2.0,1.0,"[[0, 1], [1]]"
10,‫وزارت خارجه,دوزارت خارجه,1.0,1.0,1.0,"[[2], []]"
11,‫وزارت خارجه,وزارت جارژه,3.0,1.0,0.0,"[[], [1, 2, 0]]"
12,‫وزارت خارجه,دوضزازرت خارجه,3.0,1.0,1.0,"[[2, 2, 2], []]"
13,قانون اساسی,کقانون اساسی,1.0,1.0,0.0,"[[2], []]"
14,قانون اساسی,قانون اساسبی,1.0,1.0,1.0,"[[], [2]]"
15,قانون اساسی,قفاثون اساسی,2.0,1.0,0.0,"[[2, 0], []]"
16,قانون اساسی,امون اساسی,2.0,1.0,1.0,"[[1, 0], []]"
17,قانون اساسی,قحانون اسای,2.0,2.0,0.0,"[[2], [1]]"
18,قانون اساسی,قاون اسلاسی,2.0,2.0,1.0,"[[1], [2]]"
19,قانون اساسی,طیانن اساسی,3.0,1.0,0.0,"[[0, 2, 1], []]"
20,قانون اساسی,قام اساسی,3.0,1.0,1.0,"[[1, 1, 0], []]"
21,قانون اساسی,قاگون اسپلی,3.0,2.0,0.0,"[[0], [0, 0]]"
22,قانون اساسی,قاتومن اسایی,3.0,2.0,1.0,"[[0, 2], [0]]"
23,‫بخش خصوصی,لبحش خصوصی,2.0,1.0,1.0,"[[2, 0], []]"
24,‫بخش خصوصی,یبخش حخصوصی,2.0,2.0,1.0,"[[2], [2]]"
25,‫بخش خصوصی,بخش خجصی,3.0,1.0,0.0,"[[], [1, 1, 2]]"
26,‫بخش خصوصی,لبس خصوصی,3.0,1.0,1.0,"[[2, 1, 0], []]"
27,شورای عالی ,شورای قایل,3.0,1.0,0.0,"[[], [0, 2, 1]]"
28,شورای عالی ,شورای عا,3.0,1.0,1.0,"[[], [1, 0, 1]]"
29,‫رییس سازمان,قاییس سازمان,2.0,1.0,0.0,"[[0, 2], []]"
30,‫رییس سازمان,زریسس سازمان,2.0,1.0,1.0,"[[2, 0], []]"
31,‫رییس سازمان,رایت سازمان,3.0,1.0,0.0,"[[2, 1, 0], []]"
32,‫رییس سازمان,زریس سازکمان,3.0,2.0,1.0,"[[2, 1], [2]]"
33,‫امنیت ملی,خامنیت ملی,1.0,1.0,0.0,"[[2], []]"
34,‫امنیت ملی,تاممیت ملی,2.0,1.0,1.0,"[[2, 0], []]"
35,‫امنیت ملی,امپنفت ملی,3.0,1.0,0.0,"[[2, 1, 2], []]"
36,‫امنیت ملی,تامنیت م,3.0,2.0,1.0,"[[2], [1, 1]]"
37,واکسن کرونا,واکسل کرونا,1.0,1.0,0.0,"[[0], []]"
38,واکسن کرونا,واکسن کروا,1.0,1.0,1.0,"[[], [1]]"
39,واکسن کرونا,شاسن کرونا,2.0,1.0,0.0,"[[0, 1], []]"
40,واکسن کرونا,وتکسم کرونا,2.0,1.0,1.0,"[[0, 0], []]"
41,واکسن کرونا,اکسن کرودنا,2.0,2.0,0.0,"[[1], [2]]"
42,واکسن کرونا,اکسن کذونا,2.0,2.0,1.0,"[[1], [0]]"
43,واکسن کرونا,واکسن خروکند,3.0,1.0,0.0,"[[], [0, 2, 0]]"
44,واکسن کرونا,واکسن گکزدونا,3.0,1.0,1.0,"[[], [2, 0, 2]]"
45,واکسن کرونا,وکسپ کروا,3.0,2.0,0.0,"[[1, 0], [1]]"
46,واکسن کرونا,واگکسن کذروا,3.0,2.0,1.0,"[[2], [2, 1]]"
47,کالاهای اساسی,کالاای اساسی,1.0,1.0,0.0,"[[1], []]"
48,کالاهای اساسی,کالاهای اسای,1.0,1.0,1.0,"[[], [1]]"
49,کالاهای اساسی,کالاهای اجهسی,2.0,1.0,0.0,"[[], [0, 0]]"
50,کالاهای اساسی,کالاهای سلسی,2.0,1.0,1.0,"[[], [1, 0]]"
51,کالاهای اساسی,کنلاهای شاساسی,2.0,2.0,0.0,"[[0], [2]]"
52,کالاهای اساسی,کلالاهای ساسی,2.0,2.0,1.0,"[[2], [1]]"
53,کالاهای اساسی,کاله اساسی,3.0,1.0,0.0,"[[1, 1, 1], []]"
54,کالاهای اساسی,کاهی اساسی,3.0,1.0,1.0,"[[1, 1, 1], []]"
55,کالاهای اساسی,کالاهیای اپساهی,3.0,2.0,0.0,"[[2], [2, 0]]"
56,کالاهای اساسی,کلاهای ساسس,3.0,2.0,1.0,"[[1], [1, 0]]"
57,شبکه‌های اجتماعی,شبکه‌های اجتاعی,1.0,1.0,0.0,"[[], [1]]"
58,شبکه‌های اجتماعی,شبکه‌هاب اجتماعی,1.0,1.0,1.0,"[[0], []]"
59,شبکه‌های اجتماعی,شثبکه‌هاک اجتماعی,2.0,1.0,0.0,"[[2, 0], []]"
60,شبکه‌های اجتماعی,شبکه‌های اجتاعبی,2.0,1.0,1.0,"[[], [1, 2]]"
61,شبکه‌های اجتماعی,شبصه‌های اجتمغاعی,2.0,2.0,0.0,"[[0], [2]]"
62,شبکه‌های اجتماعی,شبکه‌هلای اجاتماعی,2.0,2.0,1.0,"[[2], [2]]"
63,شبکه‌های اجتماعی,شه‌هات اجتماعی,3.0,1.0,0.0,"[[1, 1, 0], []]"
64,شبکه‌های اجتماعی,شبگحه‌هابی اجتماعی,3.0,1.0,1.0,"[[0, 2, 2], []]"
65,شبکه‌های اجتماعی,شبکه‌یای عاکجتماعی,3.0,2.0,0.0,"[[0], [2, 2]]"
66,شبکه‌های اجتماعی,شبکه‌هاسی اجطتمعی,3.0,2.0,1.0,"[[2], [2, 1]]"
67,فدراسیون فوتبال,فدراسیون فلتبال,1.0,1.0,0.0,"[[], [0]]"
68,فدراسیون فوتبال,فدراسیدون فوتبال,1.0,1.0,1.0,"[[2], []]"
69,فدراسیون فوتبال,فدرجاسیو فوتبال,2.0,1.0,0.0,"[[2, 1], []]"
70,فدراسیون فوتبال,فذداسیون فوتبال,2.0,1.0,1.0,"[[2, 1], []]"
71,فدراسیون فوتبال,فدراسدون فزتبال,2.0,2.0,0.0,"[[0], [0]]"
72,فدراسیون فوتبال,فدراسیو فدوتبال,2.0,2.0,1.0,"[[1], [2]]"
73,فدراسیون فوتبال,فدراسیون تبل,3.0,1.0,0.0,"[[], [1, 1, 1]]"
74,فدراسیون فوتبال,فدراسیون فدوطتال,3.0,1.0,1.0,"[[], [2, 2, 1]]"
75,فدراسیون فوتبال,فدرسیوثن فوتبخال,3.0,2.0,0.0,"[[1, 2], [2]]"
76,فدراسیون فوتبال,فدرلاسیون قفوتال,3.0,2.0,1.0,"[[2], [2, 1]]"
77,شورای امنیت,شورا امنیت,1.0,1.0,0.0,"[[1], []]"
78,شورای امنیت,شوری امنیت,1.0,1.0,1.0,"[[1], []]"
79,شورای امنیت,گشرای امنیت,2.0,1.0,0.0,"[[0, 0], []]"
80,شورای امنیت,شورای اممی,2.0,1.0,1.0,"[[], [0, 1]]"
81,شورای امنیت,شوای امنیو,2.0,2.0,0.0,"[[1], [0]]"
82,شورای امنیت,شدرای امیت,2.0,2.0,1.0,"[[0], [1]]"
83,شورای امنیت,شورای همنو,3.0,1.0,0.0,"[[], [0, 1, 0]]"
84,شورای امنیت,شورای ایا,3.0,1.0,1.0,"[[], [1, 1, 0]]"
85,شورای امنیت,نوراذ امنیغ,3.0,2.0,0.0,"[[0, 0], [0]]"
86,شورای امنیت,شواس امنست,3.0,2.0,1.0,"[[1, 0], [0]]"
87,‫افکار عمومی,خافکاآر عمومی,2.0,1.0,0.0,"[[2, 2], []]"
88,‫افکار عمومی,افکزر عمومی,2.0,1.0,1.0,"[[1, 2], []]"
89,‫افکار عمومی,جافکار عومی,2.0,2.0,0.0,"[[2], [1]]"
90,‫افکار عمومی,تقفار عمومی,3.0,1.0,1.0,"[[0, 2, 1], []]"
91,‫افکار عمومی,گاجکار عموم,3.0,2.0,0.0,"[[2, 0], [1]]"
92,‫افکار عمومی,لاکار عموکمی,3.0,2.0,1.0,"[[2, 1], [2]]"
93,ستاد ملی,ستاد دملی,1.0,1.0,0.0,"[[], [2]]"
94,ستاد ملی,ستلاد ملی,1.0,1.0,1.0,"[[2], []]"
95,ستاد ملی,سیکاد ملی,2.0,1.0,0.0,"[[0, 2], []]"
96,ستاد ملی,یتاید ملی,2.0,1.0,1.0,"[[0, 2], []]"
97,ستاد ملی,ستا مله,2.0,2.0,0.0,"[[1], [0]]"
98,ستاد ملی,یستاد ملسی,2.0,2.0,1.0,"[[2], [2]]"
99,ستاد ملی,اسجد ملی,3.0,1.0,0.0,"[[2, 1, 0], []]"
100,ستاد ملی,شسالاد ملی,3.0,1.0,1.0,"[[2, 0, 2], []]"
101,ستاد ملی,اد ملو,3.0,2.0,0.0,"[[1, 1], [0]]"
102,ستاد ملی,ستتد نلس,3.0,2.0,1.0,"[[0], [0, 0]]"
103,توافق هسته‌ای,عوافق هسته‌ای,1.0,1.0,0.0,"[[0], []]"
104,توافق هسته‌ای,توافثق هسته‌ای,1.0,1.0,1.0,"[[2], []]"
105,توافق هسته‌ای,توافق هستچه‌ا,2.0,1.0,0.0,"[[], [2, 1]]"
106,توافق هسته‌ای,توافق هته‌تی,2.0,1.0,1.0,"[[], [1, 0]]"
107,توافق هسته‌ای,وافق هاسته‌ای,2.0,2.0,0.0,"[[1], [2]]"
108,توافق هسته‌ای,تدوافق هسته‌ا,2.0,2.0,1.0,"[[2], [1]]"
109,توافق هسته‌ای,توافق ستو‌اج,3.0,1.0,0.0,"[[], [1, 0, 0]]"
110,توافق هسته‌ای,توافق حسته‌لاب,3.0,1.0,1.0,"[[], [0, 2, 0]]"
111,توافق هسته‌ای,تودافق هسمه‌اچ,3.0,2.0,0.0,"[[2], [0, 0]]"
112,توافق هسته‌ای,واف عهسته‌ای,3.0,2.0,1.0,"[[1, 1], [2]]"
113,کاخ سفید,طکاخ سفید,1.0,1.0,0.0,"[[2], []]"
114,کاخ سفید,کاه سفید,1.0,1.0,1.0,"[[0], []]"
115,کاخ سفید,کعنخ سفید,2.0,1.0,0.0,"[[0, 2], []]"
116,کاخ سفید,که سفید,2.0,1.0,1.0,"[[1, 0], []]"
117,کاخ سفید,ذاخ فید,2.0,2.0,0.0,"[[0], [1]]"
118,کاخ سفید,کتاخ سغفید,2.0,2.0,1.0,"[[2], [2]]"
119,کاخ سفید,کاخ پیم,3.0,1.0,0.0,"[[], [1, 0, 0]]"
120,کاخ سفید,کاخ یفسیید,3.0,1.0,1.0,"[[], [0, 2, 2]]"
121,کاخ سفید,کاوخ سفچخ,3.0,2.0,0.0,"[[2], [0, 0]]"
122,کاخ سفید,اح سفد,3.0,2.0,1.0,"[[1, 0], [1]]"
123,نرخ تورم,نرم تورم,1.0,1.0,0.0,"[[0], []]"
124,نرخ تورم,نرخ تور,1.0,1.0,1.0,"[[], [1]]"
125,نرخ تورم,نرخ شتور,2.0,1.0,0.0,"[[], [2, 1]]"
126,نرخ تورم,نرخ ور,2.0,1.0,1.0,"[[], [1, 1]]"
127,نرخ تورم,نخ جتورم,2.0,2.0,0.0,"[[1], [2]]"
128,نرخ تورم,منرخ تور,2.0,2.0,1.0,"[[2], [1]]"
129,نرخ تورم,نرخ خچوحرم,3.0,1.0,0.0,"[[], [0, 2, 2]]"
130,نرخ تورم,نرخ وزر,3.0,1.0,1.0,"[[], [1, 2, 1]]"
131,نرخ تورم,طنرخ ورت,3.0,2.0,0.0,"[[2], [1, 0]]"
132,نرخ تورم,نرحخ تدوزرم,3.0,2.0,1.0,"[[2], [2, 2]]"
133,نیروهای مسلح,نیسوهای مسلح,1.0,1.0,0.0,"[[0], []]"
134,نیروهای مسلح,نیروهای مسل,1.0,1.0,1.0,"[[], [1]]"
135,نیروهای مسلح,نیروهای مسظل,2.0,1.0,0.0,"[[], [2, 1]]"
136,نیروهای مسلح,نیروهای میسله,2.0,1.0,1.0,"[[], [2, 0]]"
137,نیروهای مسلح,نیروبای مذلح,2.0,2.0,0.0,"[[0], [0]]"
138,نیروهای مسلح,نیروهی مسله,2.0,2.0,1.0,"[[1], [0]]"
139,نیروهای مسلح,نروکا مسلح,3.0,1.0,0.0,"[[1, 0, 1], []]"
140,نیروهای مسلح,نیروهای نمبح,3.0,1.0,1.0,"[[], [2, 1, 0]]"
141,نیروهای مسلح,نروهای مخسرح,3.0,2.0,0.0,"[[1], [2, 0]]"
142,نیروهای مسلح,نیوهای شلح,3.0,2.0,1.0,"[[1], [1, 0]]"
143,شیوع کرونا,شوع کرونا,1.0,1.0,0.0,"[[1], []]"
144,شیوع کرونا,شیدع کرونا,1.0,1.0,1.0,"[[0], []]"
145,شیوع کرونا,شیوع نکجونا,2.0,1.0,0.0,"[[], [2, 0]]"
146,شیوع کرونا,شیوع کدنا,2.0,1.0,1.0,"[[], [1, 0]]"
147,شیوع کرونا,شیو کرونپ,2.0,2.0,0.0,"[[1], [0]]"
148,شیوع کرونا,شیدوع گکرونا,2.0,2.0,1.0,"[[2], [2]]"
149,شیوع کرونا,شیوع بکترشنا,3.0,1.0,0.0,"[[], [2, 2, 0]]"
150,شیوع کرونا,سبیدوع کرونا,3.0,1.0,1.0,"[[0, 2, 2], []]"
151,شیوع کرونا,گیوق کشرونا,3.0,2.0,0.0,"[[0, 0], [2]]"
152,شیوع کرونا,شیوغ رنا,3.0,2.0,1.0,"[[0], [1, 1]]"
153,انرژی اتمی,انظژی اتمی,1.0,1.0,0.0,"[[0], []]"
154,انرژی اتمی,انرژی تمی,1.0,1.0,1.0,"[[], [1]]"
155,انرژی اتمی,انرژی اتژم,2.0,1.0,0.0,"[[], [2, 1]]"
156,انرژی اتمی,تانذرژی اتمی,2.0,1.0,1.0,"[[2, 2], []]"
157,انرژی اتمی,ازنرژی ماتمی,2.0,2.0,0.0,"[[2], [2]]"
158,انرژی اتمی,امنرژی تتمی,2.0,2.0,1.0,"[[2], [0]]"
159,انرژی اتمی,انرژی قاتف,3.0,1.0,0.0,"[[], [2, 0, 1]]"
160,انرژی اتمی,انرژی ت,3.0,1.0,1.0,"[[], [1, 1, 1]]"
161,انرژی اتمی,انرحی امزی,3.0,2.0,0.0,"[[0], [0, 0]]"
162,انرژی اتمی,انرژ تتکی,3.0,2.0,1.0,"[[1], [0, 0]]"
163,اقتصاد کشور,اقتصابد کشور,1.0,1.0,0.0,"[[2], []]"
164,اقتصاد کشور,اغقتصاد کشور,1.0,1.0,1.0,"[[2], []]"
165,اقتصاد کشور,اقتصاد کتوضر,2.0,1.0,0.0,"[[], [0, 2]]"
166,اقتصاد کشور,اقتصاد شوذ,2.0,1.0,1.0,"[[], [1, 0]]"
167,اقتصاد کشور,قتصاد کظشور,2.0,2.0,0.0,"[[1], [2]]"
168,اقتصاد کشور,اقصاد کشو,2.0,2.0,1.0,"[[1], [1]]"
169,اقتصاد کشور,اقتصاد کحشآسر,3.0,1.0,0.0,"[[], [2, 0, 2]]"
170,اقتصاد کشور,اثقآصد کشور,3.0,1.0,1.0,"[[2, 0, 1], []]"
171,اقتصاد کشور,اشصاد کظشور,3.0,2.0,0.0,"[[0, 1], [2]]"
172,اقتصاد کشور,اقاتصتاد شور,3.0,2.0,1.0,"[[2, 2], [1]]"
173,کسری بودجه,کسری بودجغ,1.0,1.0,0.0,"[[], [0]]"
174,کسری بودجه,کسی بودجه,1.0,1.0,1.0,"[[1], []]"
175,کسری بودجه,کسری قوخجه,2.0,1.0,0.0,"[[], [0, 0]]"
176,کسری بودجه,کسری بودحج,2.0,1.0,1.0,"[[], [2, 1]]"
177,کسری بودجه,صکسری ثبودجه,2.0,2.0,0.0,"[[2], [2]]"
178,کسری بودجه,کسر ودجه,2.0,2.0,1.0,"[[1], [1]]"
179,کسری بودجه,کسری بغودو,3.0,1.0,0.0,"[[], [2, 0, 1]]"
180,کسری بودجه,کسری یبدوذجه,3.0,1.0,1.0,"[[], [2, 2, 0]]"
181,کسری بودجه,سآری بآدجه,3.0,2.0,0.0,"[[1, 2], [0]]"
182,کسری بودجه,کر بودجح,3.0,2.0,1.0,"[[1, 1], [0]]"
183,جو بایدن,جس بایدن,1.0,1.0,0.0,"[[0], []]"
184,جو بایدن,جد بایدن,1.0,1.0,1.0,"[[0], []]"
185,جو بایدن,نآ بایدن,2.0,1.0,0.0,"[[0, 0], []]"
186,جو بایدن,حجدو بایدن,2.0,1.0,1.0,"[[2, 2], []]"
187,جو بایدن,جا بایدد,2.0,2.0,0.0,"[[0], [0]]"
188,جو بایدن,ج باییدن,2.0,2.0,1.0,"[[1], [2]]"
189,جو بایدن,جو بسدمن,3.0,1.0,1.0,"[[], [1, 0, 2]]"
190,جو بایدن,ب باین,3.0,2.0,0.0,"[[0, 1], [1]]"
191,جو بایدن,حو بایی,3.0,2.0,1.0,"[[0], [0, 1]]"
192,استان تهران,استن تهران,1.0,1.0,0.0,"[[1], []]"
193,استان تهران,لاستان تهران,1.0,1.0,1.0,"[[2], []]"
194,استان تهران,اسچا تهران,2.0,1.0,0.0,"[[0, 1], []]"
195,استان تهران,استان ترات,2.0,1.0,1.0,"[[], [1, 0]]"
196,استان تهران,استاچ تهرذن,2.0,2.0,0.0,"[[0], [0]]"
197,استان تهران,استا تهان,2.0,2.0,1.0,"[[1], [1]]"
198,استان تهران,اسثح تهران,3.0,1.0,0.0,"[[0, 0, 1], []]"
199,استان تهران,استان هذام,3.0,1.0,1.0,"[[], [1, 0, 0]]"
200,استان تهران,استاذ ظهظران,3.0,2.0,0.0,"[[0], [0, 2]]"
201,استان تهران,استا تحرن,3.0,2.0,1.0,"[[1], [0, 1]]"
202,کل کشور,کل ژکشور,1.0,1.0,0.0,"[[], [2]]"
203,کل کشور,کل مکشور,1.0,1.0,1.0,"[[], [2]]"
204,کل کشور,کل عکور,2.0,1.0,0.0,"[[], [2, 1]]"
205,کل کشور,مک کشور,2.0,1.0,1.0,"[[2, 1], []]"
206,کل کشور,ک کشر,2.0,2.0,0.0,"[[1], [1]]"
207,کل کشور,گکل مکشور,2.0,2.0,1.0,"[[2], [2]]"
208,کل کشور,کل چر,3.0,1.0,0.0,"[[], [1, 1, 0]]"
209,کل کشور,کل مشد,3.0,1.0,1.0,"[[], [0, 0, 1]]"
210,کل کشور,رکق کشویر,3.0,2.0,0.0,"[[2, 0], [2]]"
211,کل کشور,مبل کشوذ,3.0,2.0,1.0,"[[0, 2], [0]]"
212,حمل‌ونقل عمومی,حمل‌ونقل عموی,1.0,1.0,0.0,"[[], [1]]"
213,حمل‌ونقل عمومی,حمل‌ونقل عنومی,1.0,1.0,1.0,"[[], [0]]"
214,حمل‌ونقل عمومی,حمل‌ونقل عموژم,2.0,1.0,0.0,"[[], [2, 1]]"
215,حمل‌ونقل عمومی,حمل‌دونقب عمومی,2.0,1.0,1.0,"[[2, 0], []]"
216,حمل‌ونقل عمومی,حمل‌نقل عموی,2.0,2.0,0.0,"[[1], [1]]"
217,حمل‌ونقل عمومی,حمل‌ونل غمومی,2.0,2.0,1.0,"[[1], [0]]"
218,حمل‌ونقل عمومی,پحم‌وقل عمومی,3.0,1.0,0.0,"[[2, 1, 1], []]"
219,حمل‌ونقل عمومی,حمل‌ونقل غمو,3.0,1.0,1.0,"[[], [0, 1, 1]]"
220,حمل‌ونقل عمومی,مد‌ونقل بعمومی,3.0,2.0,0.0,"[[1, 0], [2]]"
221,حمل‌ونقل عمومی,حمآل‌ونقا همومی,3.0,2.0,1.0,"[[2, 0], [0]]"
222,مبتلا به کووید,مبتلا ه کووید,1.0,1.0,0.0,"[[], [1], []]"
223,مبتلا به کووید,مبتلا لبه کووید,1.0,1.0,1.0,"[[], [2], []]"
224,مبتلا به کووید,مبلو به کووید,2.0,1.0,0.0,"[[1, 0], [], []]"
225,مبتلا به کووید,مبتلا به کودیید,2.0,1.0,1.0,"[[], [], [0, 2]]"
226,مبتلا به کووید,بتلا به کوود,2.0,2.0,0.0,"[[1], [], [1]]"
227,مبتلا به کووید,میبتلا به کووسید,2.0,2.0,1.0,"[[2], [], [2]]"
228,مبتلا به کووید,تمسبتلثا به کووید,3.0,1.0,0.0,"[[2, 2, 2], [], []]"
229,مبتلا به کووید,متآلل به کووید,3.0,1.0,1.0,"[[1, 2, 0], [], []]"
230,مبتلا به کووید,مبتصلا ثذ کووید,3.0,2.0,0.0,"[[2], [0, 0], []]"
231,مبتلا به کووید,مبتلتا به گکدوید,3.0,2.0,1.0,"[[2], [], [2, 0]]"
232,رعایط پروتکل‌های بهداشتی,رصایط پروتکل‌های بهداشتی,1.0,1.0,0.0,"[[0], [], []]"
233,رعایط پروتکل‌های بهداشتی,رعایط پروکل‌های بهداشتی,1.0,1.0,1.0,"[[], [1], []]"
234,رعایط پروتکل‌های بهداشتی,رضعاپط پروتکل‌های بهداشتی,2.0,1.0,0.0,"[[2, 0], [], []]"
235,رعایط پروتکل‌های بهداشتی,رعایط پروتکل‌های باشتی,2.0,1.0,1.0,"[[], [], [1, 1]]"
236,رعایط پروتکل‌های بهداشتی,رعاویط روتکل‌های بهداشتی,2.0,2.0,0.0,"[[2], [1], []]"
237,رعایط پروتکل‌های بهداشتی,رعلایط پروتکل‌های بهذداشتی,2.0,2.0,1.0,"[[2], [], [2]]"
238,رعایط پروتکل‌های بهداشتی,رعایط پروتکل‌های جوهداشتق,3.0,1.0,0.0,"[[], [], [0, 2, 0]]"
239,رعایط پروتکل‌های بهداشتی,زرتیط پروتکل‌های بهداشتی,3.0,1.0,1.0,"[[2, 1, 0], [], []]"
240,رعایط پروتکل‌های بهداشتی,رعحیط پرفتکل‌کهای بهداشتی,3.0,2.0,0.0,"[[0], [0, 2], []]"
241,رعایط پروتکل‌های بهداشتی,رغعای پروتکل‌های بداشتی,3.0,2.0,1.0,"[[2, 1], [], [1]]"
242,ماه مبارک رمضان,مه مبارک رمضان,1.0,1.0,0.0,"[[1], [], []]"
243,ماه مبارک رمضان,ماه بارک رمضان,1.0,1.0,1.0,"[[], [1], []]"
244,ماه مبارک رمضان,ماه مبامرحک رمضان,2.0,1.0,0.0,"[[], [2, 2], []]"
245,ماه مبارک رمضان,ماه مبارک رمذضا,2.0,1.0,1.0,"[[], [], [2, 1]]"
246,ماه مبارک رمضان,اه مبارک رضان,2.0,2.0,0.0,"[[1], [], [1]]"
247,ماه مبارک رمضان,اه مبارک رمضلن,2.0,2.0,1.0,"[[1], [], [0]]"
248,ماه مبارک رمضان,ماه مبارک مض,3.0,1.0,0.0,"[[], [], [1, 1, 1]]"
249,ماه مبارک رمضان,کتاعه مبارک رمضان,3.0,1.0,1.0,"[[0, 2, 2], [], []]"
250,ماه مبارک رمضان,زما مبعارک رمضان,3.0,2.0,0.0,"[[2, 1], [2], []]"
251,ماه مبارک رمضان,ماه مبتک رمضاتن,3.0,2.0,1.0,"[[], [0, 1], [2]]"
252,در روزهای اخیر,پدر روزهای اخیر,1.0,1.0,0.0,"[[2], [], []]"
253,در روزهای اخیر,در روزهای احخیر,1.0,1.0,1.0,"[[], [], [2]]"
254,در روزهای اخیر,غ روزهای اخیر,2.0,1.0,0.0,"[[1, 0], [], []]"
255,در روزهای اخیر,ذدز روزهای اخیر,2.0,1.0,1.0,"[[2, 0], [], []]"
256,در روزهای اخیر,د روزهاثی اخیر,2.0,2.0,0.0,"[[1], [2], []]"
257,در روزهای اخیر,در روزها اخر,2.0,2.0,1.0,"[[], [1], [1]]"
258,در روزهای اخیر,در روزهای جخفی,3.0,1.0,0.0,"[[], [], [0, 2, 1]]"
259,در روزهای اخیر,در رواب اخیر,3.0,1.0,1.0,"[[], [1, 1, 0], []]"
260,در روزهای اخیر,دم رووزهدی اخیر,3.0,2.0,0.0,"[[0], [2, 0], []]"
261,در روزهای اخیر,در زوزهتای اخر,3.0,2.0,1.0,"[[], [0, 2], [1]]"
262,کسب و کار ,زب و کار,3.0,1.0,0.0,"[[1, 1, 2], [], []]"
263,کسب و کار ,گلب و کار,3.0,1.0,1.0,"[[0, 1, 2], [], []]"
264,مجمع تشخیص مصلحت,مجمع تشخیص مصلحلت,1.0,1.0,0.0,"[[], [], [2]]"
265,مجمع تشخیص مصلحت,جمع تشخیص مصلحت,1.0,1.0,1.0,"[[1], [], []]"
266,مجمع تشخیص مصلحت,مجمع تشخیص صحت,2.0,1.0,0.0,"[[], [], [1, 1]]"
267,مجمع تشخیص مصلحت,مجمع تشخث مصلحت,2.0,1.0,1.0,"[[], [1, 0], []]"
268,مجمع تشخیص مصلحت,ممع تشیص مصلحت,2.0,2.0,0.0,"[[1], [1], []]"
269,مجمع تشخیص مصلحت,محمع تشخی مصلحت,2.0,2.0,1.0,"[[0], [1], []]"
270,مجمع تشخیص مصلحت,مغج تشخیص مصلحت,3.0,1.0,0.0,"[[2, 1, 1], [], []]"
271,مجمع تشخیص مصلحت,مجمع تشخیص کملت,3.0,1.0,1.0,"[[], [], [2, 1, 1]]"
272,مجمع تشخیص مصلحت,مجمع عتشذخیص مصلحگت,3.0,2.0,0.0,"[[], [2, 2], [2]]"
273,مجمع تشخیص مصلحت,کجکمع تشخیص مصلحطت,3.0,2.0,1.0,"[[0, 2], [], [2]]"
274,به هیچ عنوان,به کیچ عنوان,1.0,1.0,0.0,"[[], [0], []]"
275,به هیچ عنوان,بخ هیچ عنوان,1.0,1.0,1.0,"[[0], [], []]"
276,به هیچ عنوان,به غصیچ عنوان,2.0,1.0,0.0,"[[], [0, 2], []]"
277,به هیچ عنوان,یع هیچ عنوان,2.0,1.0,1.0,"[[0, 0], [], []]"
278,به هیچ عنوان,ب همیچ عنوان,2.0,2.0,0.0,"[[1], [2], []]"
279,به هیچ عنوان,به یچ عنان,2.0,2.0,1.0,"[[], [1], [1]]"
280,به هیچ عنوان,به هیچ عغن,3.0,1.0,0.0,"[[], [], [0, 1, 1]]"
281,به هیچ عنوان,به هیچ هعنولا,3.0,1.0,1.0,"[[], [], [2, 2, 1]]"
282,به هیچ عنوان,به هچچ عناواژ,3.0,2.0,0.0,"[[], [0], [2, 0]]"
283,به هیچ عنوان,یخه هیجچ عنوان,3.0,2.0,1.0,"[[0, 2], [2], []]"
284,باشگاه خبرنگاران جوان,باشگاه خبرنگاران جوزان,1.0,1.0,0.0,"[[], [], [2]]"
285,باشگاه خبرنگاران جوان,باشگاه خبرنگاراتن جوان,1.0,1.0,1.0,"[[], [2], []]"
286,باشگاه خبرنگاران جوان,بکشلگاه خبرنگاران جوان,2.0,1.0,0.0,"[[0, 2], [], []]"
287,باشگاه خبرنگاران جوان,باشگاه خبذرنگارتان جوان,2.0,1.0,1.0,"[[], [2, 2], []]"
288,باشگاه خبرنگاران جوان,بادشگاه خبرنگاران غجوان,2.0,2.0,0.0,"[[2], [], [2]]"
289,باشگاه خبرنگاران جوان,باشگاه حخبرنگاران وان,2.0,2.0,1.0,"[[], [2], [1]]"
290,باشگاه خبرنگاران جوان,باشگاه خبرنگاران قپاک,3.0,1.0,0.0,"[[], [], [0, 0, 0]]"
291,باشگاه خبرنگاران جوان,اشاخ خبرنگاران جوان,3.0,1.0,1.0,"[[1, 1, 0], [], []]"
292,باشگاه خبرنگاران جوان,باشگاه خبرنگاراان صروان,3.0,2.0,0.0,"[[], [2], [0, 2]]"
293,باشگاه خبرنگاران جوان,بلشگاه خبرنگاران جلن,3.0,2.0,1.0,"[[0], [], [1, 0]]"
294,رییس قوه قضاییه,ییس قوه قضاییه,1.0,1.0,0.0,"[[1], [], []]"
295,رییس قوه قضاییه,رییس قوه قضایی,1.0,1.0,1.0,"[[], [], [1]]"
296,رییس قوه قضاییه,رییس قوه ژقضایی,2.0,1.0,0.0,"[[], [], [2, 1]]"
297,رییس قوه قضاییه,ربیی قوه قضاییه,2.0,1.0,1.0,"[[2, 1], [], []]"
298,رییس قوه قضاییه,ریاس قوه کضاییه,2.0,2.0,0.0,"[[0], [], [0]]"
299,رییس قوه قضاییه,رییس قدوه قضلییه,2.0,2.0,1.0,"[[], [2], [0]]"
300,رییس قوه قضاییه,رییس قوه اییآه,3.0,1.0,0.0,"[[], [], [1, 1, 2]]"
301,رییس قوه قضاییه,رییس قوه فضایس,3.0,1.0,1.0,"[[], [], [0, 0, 1]]"
302,رییس قوه قضاییه,رژیس قوه قضیی,3.0,2.0,0.0,"[[0], [], [1, 1]]"
303,رییس قوه قضاییه,رسیس قوه فقضایه,3.0,2.0,1.0,"[[0], [], [2, 1]]"
304,مبارزه با فساد,مرارزه با فساد,1.0,1.0,0.0,"[[0], [], []]"
305,مبارزه با فساد,مبارزه یبا فساد,1.0,1.0,1.0,"[[], [2], []]"
306,مبارزه با فساد,مبارزه با ذسد,2.0,1.0,0.0,"[[], [], [0, 1]]"
307,مبارزه با فساد,مبارزه با فتد,2.0,1.0,1.0,"[[], [], [1, 0]]"
308,مبارزه با فساد,مباپرزه مبا فساد,2.0,2.0,0.0,"[[2], [2], []]"
309,مبارزه با فساد,مبارزه بتا فاد,2.0,2.0,1.0,"[[], [2], [1]]"
310,مبارزه با فساد,مبارزه با عا,3.0,1.0,0.0,"[[], [], [0, 1, 1]]"
311,مبارزه با فساد,نباذرزخه با فساد,3.0,1.0,1.0,"[[0, 2, 2], [], []]"
312,مبارزه با فساد,بارزنه ا فساد,3.0,2.0,0.0,"[[1, 2], [1], []]"
313,مبارزه با فساد,کمبارزه لتا فساد,3.0,2.0,1.0,"[[2], [0, 2], []]"
314,مرگ و میر,مرس و میر,1.0,1.0,0.0,"[[0], [], []]"
315,مرگ و میر,مرگ د میر,1.0,1.0,1.0,"[[], [0], []]"
316,مرگ و میر,مپر و میر,2.0,1.0,0.0,"[[2, 1], [], []]"
317,مرگ و میر,کمگ و میر,2.0,1.0,1.0,"[[2, 1], [], []]"
318,مرگ و میر,مرف  میر,2.0,2.0,0.0,"[[0], [1], []]"
319,مرگ و میر,مذرگ د میر,2.0,2.0,1.0,"[[2], [0], []]"
320,مرگ و میر,مرگ و حگیفر,3.0,1.0,0.0,"[[], [], [0, 2, 2]]"
321,مرگ و میر,کم و میر,3.0,1.0,1.0,"[[2, 1, 1], [], []]"
322,مرگ و میر,مرگ  متیکر,3.0,2.0,0.0,"[[], [1], [2, 2]]"
323,مرگ و میر,رک و مسر,3.0,2.0,1.0,"[[1, 0], [], [0]]"
324,سازمان ملل متحد,سازمان للل متحد,1.0,1.0,0.0,"[[], [0], []]"
325,سازمان ملل متحد,سازمن ملل متحد,1.0,1.0,1.0,"[[1], [], []]"
326,سازمان ملل متحد,ساصزماچ ملل متحد,2.0,1.0,0.0,"[[2, 0], [], []]"
327,سازمان ملل متحد,ازمتن ملل متحد,2.0,1.0,1.0,"[[1, 0], [], []]"
328,سازمان ملل متحد,زازمان ملل دمتحد,2.0,2.0,0.0,"[[0], [], [2]]"
329,سازمان ملل متحد,سازمات ملل کمتحد,2.0,2.0,1.0,"[[0], [], [2]]"
330,سازمان ملل متحد,زمن ملل متحد,3.0,1.0,0.0,"[[1, 1, 1], [], []]"
331,سازمان ملل متحد,سازمان ک متحد,3.0,1.0,1.0,"[[], [0, 1, 1], []]"
332,سازمان ملل متحد,سامظان ملل متح,3.0,2.0,0.0,"[[1, 2], [], [1]]"
333,سازمان ملل متحد,سازمان نل متجد,3.0,2.0,1.0,"[[], [0, 1], [0]]"
334,سرمربی تیم ملی,سرمربی تیچ ملی,1.0,1.0,0.0,"[[], [0], []]"
335,سرمربی تیم ملی,سرمبی تیم ملی,1.0,1.0,1.0,"[[1], [], []]"
336,سرمربی تیم ملی,رمعبی تیم ملی,2.0,1.0,0.0,"[[1, 0], [], []]"
337,سرمربی تیم ملی,یرمری تیم ملی,2.0,1.0,1.0,"[[0, 1], [], []]"
338,سرمربی تیم ملی,آسرمربی تیم ملطی,2.0,2.0,0.0,"[[2], [], [2]]"
339,سرمربی تیم ملی,سرکربی تیم لی,2.0,2.0,1.0,"[[0], [], [1]]"
340,سرمربی تیم ملی,چاربی تیم ملی,3.0,1.0,0.0,"[[0, 1, 0], [], []]"
341,سرمربی تیم ملی,یزرربی تیم ملی,3.0,1.0,1.0,"[[0, 2, 1], [], []]"
342,سرمربی تیم ملی,سرمرازی غتیم ملی,3.0,2.0,0.0,"[[0, 2], [2], []]"
343,سرمربی تیم ملی,رمرب تیم مالی,3.0,2.0,1.0,"[[1, 1], [], [2]]"
344,وزارت جهاد کشاوری,وزارت جهاد کشهاوری,1.0,1.0,0.0,"[[], [], [2]]"
345,وزارت جهاد کشاوری,وزارت جهاذد کشاوری,1.0,1.0,1.0,"[[], [2], []]"
346,وزارت جهاد کشاوری,وزارت جهاد کشری,2.0,1.0,0.0,"[[], [], [1, 1]]"
347,وزارت جهاد کشاوری,وزارت جهاد شاوذری,2.0,1.0,1.0,"[[], [], [1, 2]]"
348,وزارت جهاد کشاوری,وزارت جهظاد کشاویی,2.0,2.0,0.0,"[[], [2], [0]]"
349,وزارت جهاد کشاوری,وزارت جهاذ کشاوذی,2.0,2.0,1.0,"[[], [0], [0]]"
350,وزارت جهاد کشاوری,وزارت جهاد کاوبذ,3.0,1.0,0.0,"[[], [], [1, 0, 0]]"
351,وزارت جهاد کشاوری,وزارت هتید کشاوری,3.0,1.0,1.0,"[[], [1, 0, 2], []]"
352,وزارت جهاد کشاوری,وزگار جهاد کشاجری,3.0,2.0,0.0,"[[2, 1], [], [0]]"
353,وزارت جهاد کشاوری,وزارت جهتد کشتدوری,3.0,2.0,1.0,"[[], [0], [0, 2]]"
354,ابتلا به کرونا,ابتلا به کروا,1.0,1.0,0.0,"[[], [], [1]]"
355,ابتلا به کرونا,ابتلا به کروا,1.0,1.0,1.0,"[[], [], [1]]"
356,ابتلا به کرونا,ابتلا غوه کرونا,2.0,1.0,0.0,"[[], [0, 2], []]"
357,ابتلا به کرونا,ابتلا به کردونلا,2.0,1.0,1.0,"[[], [], [2, 2]]"
358,ابتلا به کرونا,ابتلب به کونا,2.0,2.0,0.0,"[[0], [], [1]]"
359,ابتلا به کرونا,ابتلا ه کردونا,2.0,2.0,1.0,"[[], [1], [2]]"
360,ابتلا به کرونا,ابتلا به ون,3.0,1.0,1.0,"[[], [], [1, 1, 1]]"
361,ابتلا به کرونا,ابلذا به کسونا,3.0,2.0,0.0,"[[1, 2], [], [0]]"
362,ابتلا به کرونا,ابتلا خ کردونا,3.0,2.0,1.0,"[[], [1, 0], [2]]"
363,صندوق توسعه ملی,صندوق توسعه هلی,1.0,1.0,0.0,"[[], [], [0]]"
364,صندوق توسعه ملی,ثندوق توسعه ملی,1.0,1.0,1.0,"[[0], [], []]"
365,صندوق توسعه ملی,صدو توسعه ملی,2.0,1.0,0.0,"[[1, 1], [], []]"
366,صندوق توسعه ملی,صندوق تویع ملی,2.0,1.0,1.0,"[[], [0, 1], []]"
367,صندوق توسعه ملی,صنوق تاسعه ملی,2.0,2.0,0.0,"[[1], [0], []]"
368,صندوق توسعه ملی,صندوق توشعه لی,2.0,2.0,1.0,"[[], [0], [1]]"
369,صندوق توسعه ملی,صکق توسعه ملی,3.0,1.0,0.0,"[[1, 1, 0], [], []]"
370,صندوق توسعه ملی,صندوق اسغه ملی,3.0,1.0,1.0,"[[], [0, 1, 0], []]"
371,صندوق توسعه ملی,صندبوق توثعد ملی,3.0,2.0,0.0,"[[2], [0, 0], []]"
372,صندوق توسعه ملی,صندق توسغ ملی,3.0,2.0,1.0,"[[1], [0, 1], []]"
373,فرهنگ و ارشاد,فرهنگ و ارشاخد,1.0,1.0,0.0,"[[], [], [2]]"
374,فرهنگ و ارشاد,فرهمگ و ارشاد,1.0,1.0,1.0,"[[0], [], []]"
375,فرهنگ و ارشاد,فرهنگ و کرشد,2.0,1.0,0.0,"[[], [], [0, 1]]"
376,فرهنگ و ارشاد,فزرهن و ارشاد,2.0,1.0,1.0,"[[2, 1], [], []]"
377,فرهنگ و ارشاد,فرهدگ پو ارشاد,2.0,2.0,0.0,"[[0], [2], []]"
378,فرهنگ و ارشاد,فرهنگ د ارشتاد,2.0,2.0,1.0,"[[], [0], [2]]"
379,فرهنگ و ارشاد,بفهکگ و ارشاد,3.0,1.0,0.0,"[[2, 1, 0], [], []]"
380,فرهنگ و ارشاد,فرهنگ و ازلد,3.0,1.0,1.0,"[[], [], [0, 1, 0]]"
381,فرهنگ و ارشاد,فرن و ارشد,3.0,2.0,0.0,"[[1, 1], [], [1]]"
382,فرهنگ و ارشاد,قفرهگ و اذرشاد,3.0,2.0,1.0,"[[2, 1], [], [2]]"
383,تیم ملی فوتبال,تیحم ملی فوتبال,1.0,1.0,0.0,"[[2], [], []]"
384,تیم ملی فوتبال,تیم ملبی فوتبال,1.0,1.0,1.0,"[[], [2], []]"
385,تیم ملی فوتبال,تیم ملی موتبل,2.0,1.0,0.0,"[[], [], [0, 1]]"
386,تیم ملی فوتبال,تیم نملسی فوتبال,2.0,1.0,1.0,"[[], [2, 2], []]"
387,تیم ملی فوتبال,تگیم ملی وتبال,2.0,2.0,0.0,"[[2], [], [1]]"
388,تیم ملی فوتبال,ایم نملی فوتبال,2.0,2.0,1.0,"[[0], [2], []]"
389,تیم ملی فوتبال,تیم ملی ظفجوتال,3.0,1.0,0.0,"[[], [], [2, 2, 1]]"
390,تیم ملی فوتبال,تیم ملی فوب,3.0,1.0,1.0,"[[], [], [1, 1, 1]]"
391,تیم ملی فوتبال,تیپم لملا فوتبال,3.0,2.0,0.0,"[[2], [2, 0], []]"
392,تیم ملی فوتبال,م کملی فوتبال,3.0,2.0,1.0,"[[1, 1], [2], []]"
393,دوران دفاع مقدس,دوران دفاذ مقدس,1.0,1.0,0.0,"[[], [0], []]"
394,دوران دفاع مقدس,دورن دفاع مقدس,1.0,1.0,1.0,"[[1], [], []]"
395,دوران دفاع مقدس,دوران دفاع سمقدچ,2.0,1.0,0.0,"[[], [], [2, 0]]"
396,دوران دفاع مقدس,دوران غاع مقدس,2.0,1.0,1.0,"[[], [1, 0], []]"
397,دوران دفاع مقدس,دضران دطاع مقدس,2.0,2.0,0.0,"[[0], [0], []]"
398,دوران دفاع مقدس,دورن دفع مقدس,2.0,2.0,1.0,"[[1], [1], []]"
399,دوران دفاع مقدس,دوران یدفتاغع مقدس,3.0,1.0,1.0,"[[], [2, 2, 2], []]"
400,دوران دفاع مقدس,دوران دفیااع مقد,3.0,2.0,0.0,"[[], [2, 2], [1]]"
401,دوران دفاع مقدس,دوذرن دفلع مقدس,3.0,2.0,1.0,"[[2, 1], [0], []]"
402,گزارش پایگاه اطلاع‌رسانی,گارش پایگاه اطلاع‌رسانی,1.0,1.0,0.0,"[[1], [], []]"
403,گزارش پایگاه اطلاع‌رسانی,گزارش پایگاه اطلاع‌رشسانی,1.0,1.0,1.0,"[[], [], [2]]"
404,گزارش پایگاه اطلاع‌رسانی,زذارش پایگاه اطلاع‌رسانی,2.0,1.0,0.0,"[[1, 2], [], []]"
405,گزارش پایگاه اطلاع‌رسانی,گزارش پایگاه اطلتاع‌رسامی,2.0,1.0,1.0,"[[], [], [2, 0]]"
406,گزارش پایگاه اطلاع‌رسانی,زارش پایگاک اطلاع‌رسانی,2.0,2.0,0.0,"[[1], [0], []]"
407,گزارش پایگاه اطلاع‌رسانی,گزارش پایگا اطلاع‌ذسانی,2.0,2.0,1.0,"[[], [1], [0]]"
408,گزارش پایگاه اطلاع‌رسانی,گزارش پایگاه ادطلاپع‌رساآی,3.0,1.0,0.0,"[[], [], [2, 2, 0]]"
409,گزارش پایگاه اطلاع‌رسانی,زش پایگاه اطلاع‌رسانی,3.0,1.0,1.0,"[[1, 1, 1], [], []]"
410,گزارش پایگاه اطلاع‌رسانی,زاش پایگه اطلاع‌رسانی,3.0,2.0,0.0,"[[1, 1], [1], []]"
411,گزارش پایگاه اطلاع‌رسانی,کزارش پاسکاه اطلاع‌رسانی,3.0,2.0,1.0,"[[0], [0, 0], []]"
412,تولید ناخالص داخلی,تولید ناخالص دازخلی,1.0,1.0,0.0,"[[], [], [2]]"
413,تولید ناخالص داخلی,تدلید ناخالص داخلی,1.0,1.0,1.0,"[[0], [], []]"
414,تولید ناخالص داخلی,ولجد ناخالص داخلی,2.0,1.0,0.0,"[[1, 0], [], []]"
415,تولید ناخالص داخلی,تولید ناخالص دالب,2.0,1.0,1.0,"[[], [], [1, 0]]"
416,تولید ناخالص داخلی,تحلید ناخالپ داخلی,2.0,2.0,0.0,"[[0], [0], []]"
417,تولید ناخالص داخلی,تولیی ناخالص دالی,2.0,2.0,1.0,"[[0], [], [1]]"
418,تولید ناخالص داخلی,تولید ناخالص دخدث,3.0,1.0,0.0,"[[], [], [1, 0, 0]]"
419,تولید ناخالص داخلی,تولید ناخالص ذاخآل,3.0,1.0,1.0,"[[], [], [0, 2, 1]]"
420,تولید ناخالص داخلی,تولید نااظلص داخلآی,3.0,2.0,0.0,"[[], [1, 2], [2]]"
421,تولید ناخالص داخلی,توبلید نختالص داخلی,3.0,2.0,1.0,"[[2], [1, 2], []]"
422,وزارت خارجه آمریکا,وزارت خارج آمریکا,1.0,1.0,0.0,"[[], [1], []]"
423,وزارت خارجه آمریکا,وزارت هخارجه آمریکا,1.0,1.0,1.0,"[[], [2], []]"
424,وزارت خارجه آمریکا,وزارت خارجه آمکریعکا,2.0,1.0,0.0,"[[], [], [2, 2]]"
425,وزارت خارجه آمریکا,وزارت خاذج آمریکا,2.0,1.0,1.0,"[[], [0, 1], []]"
426,وزارت خارجه آمریکا,وکزارت خارجه آریکا,2.0,2.0,0.0,"[[2], [], [1]]"
427,وزارت خارجه آمریکا,وزرت خارجه آمریما,2.0,2.0,1.0,"[[1], [], [0]]"
428,وزارت خارجه آمریکا,وزارت خارجه حثمریپکا,3.0,1.0,0.0,"[[], [], [0, 2, 2]]"
429,وزارت خارجه آمریکا,وضزتذت خارجه آمریکا,3.0,1.0,1.0,"[[2, 0, 0], [], []]"
430,وزارت خارجه آمریکا,وزمارس خثارجه آمریکا,3.0,2.0,0.0,"[[2, 0], [2], []]"
431,وزارت خارجه آمریکا,درارت خارجه آمرسیکا,3.0,2.0,1.0,"[[0, 0], [], [2]]"
432,اعضای شورای شهر,اعضاصی شورای شهر,1.0,1.0,0.0,"[[2], [], []]"
433,اعضای شورای شهر,اعضای شرای شهر,1.0,1.0,1.0,"[[], [1], []]"
434,اعضای شورای شهر,اعضای شورای صشه,2.0,1.0,0.0,"[[], [], [2, 1]]"
435,اعضای شورای شهر,اعضای شوزلی شهر,2.0,1.0,1.0,"[[], [0, 0], []]"
436,اعضای شورای شهر,اعضشی شورا شهر,2.0,2.0,0.0,"[[0], [1], []]"
437,اعضای شورای شهر,اعضا شورا شهر,2.0,2.0,1.0,"[[1], [1], []]"
438,اعضای شورای شهر,اعضای شورای صشنهار,3.0,1.0,0.0,"[[], [], [2, 2, 2]]"
439,اعضای شورای شهر,اعذضلسی شورای شهر,3.0,1.0,1.0,"[[2, 0, 2], [], []]"
440,اعضای شورای شهر,اضای ورغای شهر,3.0,2.0,0.0,"[[1], [1, 2], []]"
441,اعضای شورای شهر,اعزای سشوزای شهر,3.0,2.0,1.0,"[[0], [2, 0], []]"
442,لیگ قهرمانان آسیا,ضلیگ قهرمانان آسیا,1.0,1.0,0.0,"[[2], [], []]"
443,لیگ قهرمانان آسیا,لیگ قهرماان آسیا,1.0,1.0,1.0,"[[], [1], []]"
444,لیگ قهرمانان آسیا,لیگ قهرمانظ آسیا,2.0,1.0,0.0,"[[], [0, 1], []]"
445,لیگ قهرمانان آسیا,لیگ قهزمانا آسیا,2.0,1.0,1.0,"[[], [0, 1], []]"
446,لیگ قهرمانان آسیا,لگ قهرمانن آسیا,2.0,2.0,0.0,"[[1], [1], []]"
447,لیگ قهرمانان آسیا,لیگ قهرمانلن آییا,2.0,2.0,1.0,"[[], [0], [0]]"
448,لیگ قهرمانان آسیا,لیگ بقصرمانن آسیا,3.0,1.0,0.0,"[[], [2, 0, 1], []]"
449,لیگ قهرمانان آسیا,آک قهرمانان آسیا,3.0,1.0,1.0,"[[0, 1, 0], [], []]"
450,لیگ قهرمانان آسیا,لیگ قهرمانثن آتیما,3.0,2.0,0.0,"[[], [0], [0, 2]]"
451,لیگ قهرمانان آسیا,لیگ قهرمانتن آسب,3.0,2.0,1.0,"[[], [0], [0, 1]]"
452,مبارزه با کرونا,مارزه با کرونا,1.0,1.0,0.0,"[[1], [], []]"
453,مبارزه با کرونا,مبارزه با مرونا,1.0,1.0,1.0,"[[], [], [0]]"
454,مبارزه با کرونا,مبارزه با چرواا,2.0,1.0,0.0,"[[], [], [0, 0]]"
455,مبارزه با کرونا,مبارزه یلا کرونا,2.0,1.0,1.0,"[[], [0, 2], []]"
456,مبارزه با کرونا,مبارگزه ب کرونا,2.0,2.0,0.0,"[[2], [1], []]"
457,مبارزه با کرونا,نمبارزه بت کرونا,2.0,2.0,1.0,"[[2], [0], []]"
458,مبارزه با کرونا,مبارزه با کفرنق,3.0,1.0,0.0,"[[], [], [2, 1, 0]]"
459,مبارزه با کرونا,مبارزه با گذدنا,3.0,1.0,1.0,"[[], [], [0, 0, 0]]"
460,مبارزه با کرونا,مباهرزه ژ کرونا,3.0,2.0,0.0,"[[2], [1, 0], []]"
461,مبارزه با کرونا,کبازرزه ا کرونا,3.0,2.0,1.0,"[[0, 2], [1], []]"
462,چهارمحل و بختیاری,چهارمحل  بختیاری,1.0,1.0,0.0,"[[], [1], []]"
463,چهارمحل و بختیاری,چهارمحل دو بختیاری,1.0,1.0,1.0,"[[], [2], []]"
464,چهارمحل و بختیاری,چهارموع و بختیاری,2.0,1.0,0.0,"[[0, 0], [], []]"
465,چهارمحل و بختیاری,چهارمخحال و بختیاری,2.0,1.0,1.0,"[[2, 2], [], []]"
466,چهارمحل و بختیاری,چهارمحل  ظبختیاری,2.0,2.0,0.0,"[[], [1], [2]]"
467,چهارمحل و بختیاری,چهارمحل د بختیارب,2.0,2.0,1.0,"[[], [0], [0]]"
468,چهارمحل و بختیاری,غهارموحپ و بختیاری,3.0,1.0,0.0,"[[0, 2, 0], [], []]"
469,چهارمحل و بختیاری,چهارمحل و یبخطتیری,3.0,1.0,1.0,"[[], [], [2, 2, 1]]"
470,چهارمحل و بختیاری,چهارمحل  بچختیذاری,3.0,2.0,0.0,"[[], [1], [2, 2]]"
471,چهارمحل و بختیاری,چهترمحل و بتیازی,3.0,2.0,1.0,"[[0], [], [1, 0]]"
472,برنامه هسته‌ای ایران,برنامه هسته‌ای ایان,1.0,1.0,0.0,"[[], [], [1]]"
473,برنامه هسته‌ای ایران,برنامه هسته‌لی ایران,1.0,1.0,1.0,"[[], [0], []]"
474,برنامه هسته‌ای ایران,برنامه هسه‌ی ایران,2.0,1.0,0.0,"[[], [1, 1], []]"
475,برنامه هسته‌ای ایران,برنامه حسته‌ا ایران,2.0,1.0,1.0,"[[], [0, 1], []]"
476,برنامه هسته‌ای ایران,برنامه هسژه‌ای ارران,2.0,2.0,0.0,"[[], [0], [0]]"
477,برنامه هسته‌ای ایران,برنمه هسته‌ای ایرلان,2.0,2.0,1.0,"[[1], [], [2]]"
478,برنامه هسته‌ای ایران,برنامه هسته‌ای فغراو,3.0,1.0,0.0,"[[], [], [0, 0, 0]]"
479,برنامه هسته‌ای ایران,برنامه هسته‌ای لیرلمن,3.0,1.0,1.0,"[[], [], [0, 0, 2]]"
480,برنامه هسته‌ای ایران,برفامه هسته‌ای چایراژن,3.0,2.0,0.0,"[[0], [], [2, 2]]"
481,برنامه هسته‌ای ایران,برامه هسته‌ای تسیران,3.0,2.0,1.0,"[[1], [], [0, 2]]"
482,کمیته ملی المپیک,کمیته مل المپیک,1.0,1.0,0.0,"[[], [1], []]"
483,کمیته ملی المپیک,کمیته ملی الکپیک,1.0,1.0,1.0,"[[], [], [0]]"
484,کمیته ملی المپیک,قکآمیته ملی المپیک,2.0,1.0,0.0,"[[2, 2], [], []]"
485,کمیته ملی المپیک,کمیته ملی ابپیک,2.0,1.0,1.0,"[[], [], [0, 1]]"
486,کمیته ملی المپیک,کمیته ملصی المپک,2.0,2.0,0.0,"[[], [2], [1]]"
487,کمیته ملی المپیک,کمیته ملب المپک,2.0,2.0,1.0,"[[], [0], [1]]"
488,کمیته ملی المپیک,کمیته زمنل المپیک,3.0,1.0,0.0,"[[], [2, 2, 1], []]"
489,کمیته ملی المپیک,کمیته ملی لنپک,3.0,1.0,1.0,"[[], [], [1, 0, 1]]"
490,کمیته ملی المپیک,کمیته غلی المزپک,3.0,2.0,0.0,"[[], [0], [2, 1]]"
491,کمیته ملی المپیک,کنبته ملی ابمپیک,3.0,2.0,1.0,"[[0, 0], [], [0]]"
492,سازمان امور مالیاتی,سازجمان امور مالیاتی,1.0,1.0,0.0,"[[2], [], []]"
493,سازمان امور مالیاتی,سازمان امور مالسیاتی,1.0,1.0,1.0,"[[], [], [2]]"
494,سازمان امور مالیاتی,ازما امور مالیاتی,2.0,1.0,0.0,"[[1, 1], [], []]"
495,سازمان امور مالیاتی,سازمان امور ماباتی,2.0,1.0,1.0,"[[], [], [1, 0]]"
496,سازمان امور مالیاتی,سازمگان مور مالیاتی,2.0,2.0,0.0,"[[2], [1], []]"
497,سازمان امور مالیاتی,سازمان امدور ملیاتی,2.0,2.0,1.0,"[[], [2], [1]]"
498,سازمان امور مالیاتی,سازمان فر مالیاتی,3.0,1.0,0.0,"[[], [1, 0, 1], []]"
499,سازمان امور مالیاتی,سازمان تمدوز مالیاتی,3.0,1.0,1.0,"[[], [0, 2, 0], []]"
500,سازمان امور مالیاتی,سآازمان امور مالافتی,3.0,2.0,0.0,"[[2], [], [1, 2]]"
501,سازمان امور مالیاتی,سازان اکمدور مالیاتی,3.0,2.0,1.0,"[[1], [2, 2], []]"
502,وزارت راه و شهرسازی,وزارت راه نو شهرسازی,1.0,1.0,0.0,"[[], [], [2], []]"
503,وزارت راه و شهرسازی,وزازرت راه و شهرسازی,1.0,1.0,1.0,"[[2], [], [], []]"
504,وزارت راه و شهرسازی,وزاج راه و شهرسازی,2.0,1.0,0.0,"[[0, 1], [], [], []]"
505,وزارت راه و شهرسازی,دارت راه و شهرسازی,2.0,1.0,1.0,"[[0, 1], [], [], []]"
506,وزارت راه و شهرسازی,وارت راه  شهرسازی,2.0,2.0,0.0,"[[1], [], [1], []]"
507,وزارت راه و شهرسازی,زارت راه و شهرسزی,2.0,2.0,1.0,"[[1], [], [], [1]]"
508,وزارت راه و شهرسازی,وزارت راه و شهرژسثازکی,3.0,1.0,0.0,"[[], [], [], [2, 2, 2]]"
509,وزارت راه و شهرسازی,وزارت راه و سهذسلازی,3.0,1.0,1.0,"[[], [], [], [0, 0, 2]]"
510,وزارت راه و شهرسازی,ومرت راه ف شهرسازی,3.0,2.0,0.0,"[[1, 0], [], [0], []]"
511,وزارت راه و شهرسازی,وزارت زه دو شهرسازی,3.0,2.0,1.0,"[[], [0, 1], [2], []]"
512,خبرگزاری صدا و سیما,خبرگزاری صدا و سایما,1.0,1.0,0.0,"[[], [], [], [2]]"
513,خبرگزاری صدا و سیما,خبرگزاری صدت و سیما,1.0,1.0,1.0,"[[], [0], [], []]"
514,خبرگزاری صدا و سیما,خرگزارژی صدا و سیما,2.0,1.0,0.0,"[[1, 2], [], [], []]"
515,خبرگزاری صدا و سیما,خبرگزاری ص و سیما,2.0,1.0,1.0,"[[], [1, 1], [], []]"
516,خبرگزاری صدا و سیما,خبرقگزاری صدا آ سیما,2.0,2.0,0.0,"[[2], [], [0], []]"
517,خبرگزاری صدا و سیما,هبرگزاری صدل و سیما,2.0,2.0,1.0,"[[0], [0], [], []]"
518,خبرگزاری صدا و سیما,خبرگزاری زصژ و سیما,3.0,1.0,0.0,"[[], [2, 0, 1], [], []]"
519,خبرگزاری صدا و سیما,خبرگزاری صدا و یینمتا,3.0,1.0,1.0,"[[], [], [], [0, 2, 2]]"
520,خبرگزاری صدا و سیما,خبرگاری صاد و سیما,3.0,2.0,0.0,"[[1], [2, 1], [], []]"
521,خبرگزاری صدا و سیما,خرگزتاری صدا و سبما,3.0,2.0,1.0,"[[1, 2], [], [], [0]]"
522,سازمان غذا و دارو,سازمن غذا و دارو,1.0,1.0,0.0,"[[1], [], [], []]"
523,سازمان غذا و دارو,سزمان غذا و دارو,1.0,1.0,1.0,"[[1], [], [], []]"
524,سازمان غذا و دارو,ساازمپن غذا و دارو,2.0,1.0,0.0,"[[2, 0], [], [], []]"
525,سازمان غذا و دارو,سازمان غضلا و دارو,2.0,1.0,1.0,"[[], [0, 2], [], []]"
526,سازمان غذا و دارو,سازمان غذا  داو,2.0,2.0,0.0,"[[], [], [1], [1]]"
527,سازمان غذا و دارو,سازمان فذا و داردو,2.0,2.0,1.0,"[[], [0], [], [2]]"
528,سازمان غذا و دارو,سازمان صغطذشا و دارو,3.0,1.0,0.0,"[[], [2, 2, 2], [], []]"
529,سازمان غذا و دارو,سازمان غذا و ذداز,3.0,1.0,1.0,"[[], [], [], [2, 0, 1]]"
530,سازمان غذا و دارو,سازمان غنا و تدرو,3.0,2.0,0.0,"[[], [0], [], [2, 1]]"
531,سازمان غذا و دارو,ستازمان غذا و ارد,3.0,2.0,1.0,"[[2], [], [], [1, 0]]"
532,وزارت آموزش و پرورش,وزار آموزش و پرورش,1.0,1.0,0.0,"[[1], [], [], []]"
533,وزارت آموزش و پرورش,وزارت آموزش و پروش,1.0,1.0,1.0,"[[], [], [], [1]]"
534,وزارت آموزش و پرورش,وزارت آموزش و پرقش,2.0,1.0,0.0,"[[], [], [], [1, 0]]"
535,وزارت آموزش و پرورش,وزارت آمدورزش و پرورش,2.0,1.0,1.0,"[[], [2, 2], [], []]"
536,وزارت آموزش و پرورش,وزارت قآموزش و پرورز,2.0,2.0,0.0,"[[], [2], [], [0]]"
537,وزارت آموزش و پرورش,وزارت آموش و پروش,2.0,2.0,1.0,"[[], [1], [], [1]]"
538,وزارت آموزش و پرورش,وزارت آموزش و حپدثورش,3.0,1.0,0.0,"[[], [], [], [2, 0, 2]]"
539,وزارت آموزش و پرورش,وزارت آموحزش و یرور,3.0,2.0,0.0,"[[], [2], [], [0, 1]]"
540,وزارت آموزش و پرورش,وزارت آمدوزش و پور,3.0,2.0,1.0,"[[], [2], [], [1, 1]]"
541,ارتش جمهوری اسلامی ایران,ارتش جمهوری اسلاشی ایران,1.0,1.0,0.0,"[[], [], [0], []]"
542,ارتش جمهوری اسلامی ایران,ارتش جمهوری اسلامی ابران,1.0,1.0,1.0,"[[], [], [], [0]]"
543,ارتش جمهوری اسلامی ایران,ارتش جهخری اسلامی ایران,2.0,1.0,0.0,"[[], [1, 0], [], []]"
544,ارتش جمهوری اسلامی ایران,راتش جمهوری اسلامی ایران,2.0,1.0,1.0,"[[1, 2], [], [], []]"
545,ارتش جمهوری اسلامی ایران,ارش جمهوری اسچامی ایران,2.0,2.0,0.0,"[[1], [], [0], []]"
546,ارتش جمهوری اسلامی ایران,ارتش جمهورب ایلامی ایران,2.0,2.0,1.0,"[[], [0], [0], []]"
547,ارتش جمهوری اسلامی ایران,ارتش جمهوری اسلامی یلراشن,3.0,1.0,0.0,"[[], [], [], [1, 2, 2]]"
548,ارتش جمهوری اسلامی ایران,ارتش جمهوری ایسلتاکی ایران,3.0,1.0,1.0,"[[], [], [2, 2, 0], []]"
549,ارتش جمهوری اسلامی ایران,اگتخ جضمهوری اسلامی ایران,3.0,2.0,0.0,"[[0, 0], [2], [], []]"
550,ارتش جمهوری اسلامی ایران,تش جمهوری اسلامی لیران,3.0,2.0,1.0,"[[1, 1], [], [], [0]]"
551,شورای اسلامی شهر تهران,شورای اسلام شهر تهران,1.0,1.0,0.0,"[[], [1], [], []]"
552,شورای اسلامی شهر تهران,شورای اسلامی شهر تهرن,1.0,1.0,1.0,"[[], [], [], [1]]"
553,شورای اسلامی شهر تهران,شورای اسلامی شهر تهگن,2.0,1.0,0.0,"[[], [], [], [1, 0]]"
554,شورای اسلامی شهر تهران,شورای اسلامی شعزر تهران,2.0,1.0,1.0,"[[], [], [0, 2], []]"
555,شورای اسلامی شهر تهران,شوررای اسلامی شهر تهراطن,2.0,2.0,0.0,"[[2], [], [], [2]]"
556,شورای اسلامی شهر تهران,شورای اسامی شهر تران,2.0,2.0,1.0,"[[], [1], [], [1]]"
557,شورای اسلامی شهر تهران,شورای اسلامی شهر ستهاخن,3.0,1.0,0.0,"[[], [], [], [2, 1, 2]]"
558,شورای اسلامی شهر تهران,شورای اسلامی سعزر تهران,3.0,1.0,1.0,"[[], [], [0, 0, 2], []]"
559,شورای اسلامی شهر تهران,شواضی ابلامی شهر تهران,3.0,2.0,0.0,"[[1, 2], [0], [], []]"
560,شورای اسلامی شهر تهران,شوراسی سلاکی شهر تهران,3.0,2.0,1.0,"[[2], [1, 0], [], []]"
561,وزارت ورزش و جوانان,وزارت ورزا و جوانان,1.0,1.0,0.0,"[[], [0], [], []]"
562,وزارت ورزش و جوانان,وزارت ورزش و حجوانان,1.0,1.0,1.0,"[[], [], [], [2]]"
563,وزارت ورزش و جوانان,وزخاپرت ورزش و جوانان,2.0,1.0,0.0,"[[2, 2], [], [], []]"
564,وزارت ورزش و جوانان,وزارت وذش و جوانان,2.0,1.0,1.0,"[[], [0, 1], [], []]"
565,وزارت ورزش و جوانان,وزارت یرزش چ جوانان,2.0,2.0,0.0,"[[], [0], [0], []]"
566,وزارت ورزش و جوانان,وزارت رزش دو جوانان,2.0,2.0,1.0,"[[], [1], [2], []]"
567,وزارت ورزش و جوانان,چواژت ورزش و جوانان,3.0,1.0,0.0,"[[2, 1, 0], [], [], []]"
568,وزارت ورزش و جوانان,دوررت ورزش و جوانان,3.0,1.0,1.0,"[[2, 0, 1], [], [], []]"
569,وزارت ورزش و جوانان,وزارت ورسزش و جوایقن,3.0,2.0,0.0,"[[], [2], [], [0, 0]]"
570,وزارت ورزش و جوانان,وزارت ورزش  جوانل,3.0,2.0,1.0,"[[], [], [1], [0, 1]]"
571,سخنگوی وزارت امور خارجه,سخنگوی وزرت امور خارجه,1.0,1.0,0.0,"[[], [1], [], []]"
572,سخنگوی وزارت امور خارجه,سخنگوی وارت امور خارجه,1.0,1.0,1.0,"[[], [1], [], []]"
573,سخنگوی وزارت امور خارجه,سخنگوی خجارت امور خارجه,2.0,1.0,0.0,"[[], [0, 0], [], []]"
574,سخنگوی وزارت امور خارجه,سخنگوی وزارت انر خارجه,2.0,1.0,1.0,"[[], [], [0, 1], []]"
575,سخنگوی وزارت امور خارجه,سخنظگوی وزارگت امور خارجه,2.0,2.0,0.0,"[[2], [2], [], []]"
576,سخنگوی وزارت امور خارجه,سخنگوی وزرت اموذر خارجه,2.0,2.0,1.0,"[[], [1], [2], []]"
577,سخنگوی وزارت امور خارجه,سخنگوی وپزانرغ امور خارجه,3.0,1.0,0.0,"[[], [2, 2, 0], [], []]"
578,سخنگوی وزارت امور خارجه,سخنگوی وزارت امور خاذچعه,3.0,1.0,1.0,"[[], [], [], [0, 0, 2]]"
579,سخنگوی وزارت امور خارجه,سخنگوی وزات موخر خارجه,3.0,2.0,0.0,"[[], [1], [1, 2], []]"
580,سخنگوی وزارت امور خارجه,سخنگوی وزاذن امور خارجخه,3.0,2.0,1.0,"[[], [0, 0], [], [2]]"
581,بیماران مبتلا به کووید,بیماراضن مبتلا به کووید,1.0,1.0,0.0,"[[2], [], [], []]"
582,بیماران مبتلا به کووید,بیماران مبتلا به کوویید,1.0,1.0,1.0,"[[], [], [], [2]]"
583,بیماران مبتلا به کووید,بیماران مبتلا ثبک کووید,2.0,1.0,0.0,"[[], [], [2, 0], []]"
584,بیماران مبتلا به کووید,بماان مبتلا به کووید,2.0,1.0,1.0,"[[1, 1], [], [], []]"
585,بیماران مبتلا به کووید,بیماران مبتلا سه کووزید,2.0,2.0,0.0,"[[], [], [0], [2]]"
586,بیماران مبتلا به کووید,بیماران مبتلا له مووید,2.0,2.0,1.0,"[[], [], [0], [0]]"
587,بیماران مبتلا به کووید,بمارهاون مبتلا به کووید,3.0,1.0,0.0,"[[1, 2, 2], [], [], []]"
588,بیماران مبتلا به کووید,بیماران کبنلت به کووید,3.0,1.0,1.0,"[[], [0, 0, 0], [], []]"
589,بیماران مبتلا به کووید,بیماران مبتلا ابض کوید,3.0,2.0,0.0,"[[], [], [2, 0], [1]]"
590,بیماران مبتلا به کووید,بیماران مبتلا له وویی,3.0,2.0,1.0,"[[], [], [0], [1, 0]]"
591,مالیات بر ارزش افروزده,مالیات بر ارزش احروزده,1.0,1.0,0.0,"[[], [], [], [0]]"
592,مالیات بر ارزش افروزده,مالیات بر تارزش افروزده,1.0,1.0,1.0,"[[], [], [2], []]"
593,مالیات بر ارزش افروزده,مالیات بر امش افروزده,2.0,1.0,0.0,"[[], [], [0, 1], []]"
594,مالیات بر ارزش افروزده,متالیت بر ارزش افروزده,2.0,1.0,1.0,"[[2, 1], [], [], []]"
595,مالیات بر ارزش افروزده,مالیات ب رزش افروزده,2.0,2.0,0.0,"[[], [1], [1], []]"
596,مالیات بر ارزش افروزده,مالیات بزر ازش افروزده,2.0,2.0,1.0,"[[], [2], [1], []]"
597,مالیات بر ارزش افروزده,مالیات بر ارزش اچرومحده,3.0,1.0,0.0,"[[], [], [], [0, 0, 2]]"
598,مالیات بر ارزش افروزده,مالیات بر ارزش اقروزذخه,3.0,1.0,1.0,"[[], [], [], [0, 0, 2]]"
599,مالیات بر ارزش افروزده,ملیت عبر ارزش افروزده,3.0,2.0,0.0,"[[1, 1], [2], [], []]"
600,مالیات بر ارزش افروزده,متالیات بر ارذ افروزده,3.0,2.0,1.0,"[[2], [], [0, 1], []]"
601,سازمان بازرسی کل کشود,سازماگ بازرسی کل کشود,1.0,1.0,0.0,"[[0], [], [], []]"
602,سازمان بازرسی کل کشود,سامان بازرسی کل کشود,1.0,1.0,1.0,"[[1], [], [], []]"
603,سازمان بازرسی کل کشود,سازمان بازرسی کل ژکچود,2.0,1.0,0.0,"[[], [], [], [2, 0]]"
604,سازمان بازرسی کل کشود,سازمان بازرسی مکب کشود,2.0,1.0,1.0,"[[], [], [2, 0], []]"
605,سازمان بازرسی کل کشود,سازمان بارسی ل کشود,2.0,2.0,0.0,"[[], [1], [1], []]"
606,سازمان بازرسی کل کشود,سازنمان بازرسی ک کشود,2.0,2.0,1.0,"[[2], [], [1], []]"
607,سازمان بازرسی کل کشود,سازمان بحاسی کل کشود,3.0,1.0,0.0,"[[], [2, 1, 1], [], []]"
608,سازمان بازرسی کل کشود,سااتن بازرسی کل کشود,3.0,1.0,1.0,"[[1, 1, 2], [], [], []]"
609,سازمان بازرسی کل کشود,سازمان بازرسی هک ضشود,3.0,2.0,0.0,"[[], [], [0, 0], [0]]"
610,سازمان بازرسی کل کشود,ازمات بازرسی ک کشود,3.0,2.0,1.0,"[[1, 0], [], [1], []]"
611,شورای عالی انقلاب فرهنگی,شورای عالی انقلاب فرهنگذ,1.0,1.0,0.0,"[[], [], [], [0]]"
612,شورای عالی انقلاب فرهنگی,شورای عالی انقاب فرهنگی,1.0,1.0,1.0,"[[], [], [1], []]"
613,شورای عالی انقلاب فرهنگی,شورای عالی انقلاب رهجنگی,2.0,1.0,0.0,"[[], [], [], [1, 2]]"
614,شورای عالی انقلاب فرهنگی,شورای عالی انقلاب فرهنکگب,2.0,1.0,1.0,"[[], [], [], [2, 0]]"
615,شورای عالی انقلاب فرهنگی,شورای عال انزلاب فرهنگی,2.0,2.0,0.0,"[[], [1], [0], []]"
616,شورای عالی انقلاب فرهنگی,شوراس عالی امنقلاب فرهنگی,2.0,2.0,1.0,"[[0], [], [2], []]"
617,شورای عالی انقلاب فرهنگی,شورای لحی انقلاب فرهنگی,3.0,1.0,0.0,"[[], [1, 1, 2], [], []]"
618,شورای عالی انقلاب فرهنگی,شورای عالی تمقاب فرهنگی,3.0,1.0,1.0,"[[], [], [0, 0, 1], []]"
619,شورای عالی انقلاب فرهنگی,شورای عالی نقاب فرهنگ,3.0,2.0,0.0,"[[], [], [1, 1], [1]]"
620,شورای عالی انقلاب فرهنگی,شرا عالی انقلاب فزرهنگی,3.0,2.0,1.0,"[[1, 1], [], [], [2]]"
621,استان سیستان و بلوچستان,استان سیستان زو بلوچستان,1.0,1.0,0.0,"[[], [], [2], []]"
622,استان سیستان و بلوچستان,استان سیستان و ببوچستان,1.0,1.0,1.0,"[[], [], [], [0]]"
623,استان سیستان و بلوچستان,استان سیسذن و بلوچستان,2.0,1.0,0.0,"[[], [0, 1], [], []]"
624,استان سیستان و بلوچستان,استان سیستان و لببلوچستان,2.0,1.0,1.0,"[[], [], [], [2, 2]]"
625,استان سیستان و بلوچستان,استان سیستان  بکلوچستان,2.0,2.0,0.0,"[[], [], [1], [2]]"
626,استان سیستان و بلوچستان,ستان سیستان و للوچستان,2.0,2.0,1.0,"[[1], [], [], [0]]"
627,استان سیستان و بلوچستان,استان سیستان و بضلنوچستافن,3.0,1.0,0.0,"[[], [], [], [2, 2, 2]]"
628,استان سیستان و بلوچستان,لاساتتن سیستان و بلوچستان,3.0,1.0,1.0,"[[2, 2, 0], [], [], []]"
629,استان سیستان و بلوچستان,اسغتان دیستهن و بلوچستان,3.0,2.0,0.0,"[[2], [0, 0], [], []]"
630,استان سیستان و بلوچستان,استان سیسنتن و بلوچستا,3.0,2.0,1.0,"[[], [2, 1], [], [1]]"
631,قاچاق کالا و ارز,قاچاق کاا و ارز,1.0,1.0,0.0,"[[], [1], [], []]"
632,قاچاق کالا و ارز,قاچاق کالا و ارذ,1.0,1.0,1.0,"[[], [], [], [0]]"
633,قاچاق کالا و ارز,قچق کالا و ارز,2.0,1.0,0.0,"[[1, 1], [], [], []]"
634,قاچاق کالا و ارز,قاچاق ابلا و ارز,2.0,1.0,1.0,"[[], [1, 2], [], []]"
635,قاچاق کالا و ارز,قاچاق کالا  ارتز,2.0,2.0,0.0,"[[], [], [1], [2]]"
636,قاچاق کالا و ارز,قاچاق کالا دو ارذ,2.0,2.0,1.0,"[[], [], [2], [0]]"
637,قاچاق کالا و ارز,زقاغچقاق کالا و ارز,3.0,1.0,0.0,"[[2, 2, 2], [], [], []]"
638,قاچاق کالا و ارز,قاچاق فکاحا و رز,3.0,2.0,0.0,"[[], [2, 0], [], [1]]"
639,قاچاق کالا و ارز,قاجاغق الا و ارز,3.0,2.0,1.0,"[[0, 2], [1], [], []]"
640,امور اقتصادی و دارایی,اور اقتصادی و دارایی,1.0,1.0,0.0,"[[1], [], [], []]"
641,امور اقتصادی و دارایی,امور اقتصادس و دارایی,1.0,1.0,1.0,"[[], [0], [], []]"
642,امور اقتصادی و دارایی,ادمول اقتصادی و دارایی,2.0,1.0,0.0,"[[2, 0], [], [], []]"
643,امور اقتصادی و دارایی,امور اقتصادی و یدارلیی,2.0,1.0,1.0,"[[], [], [], [2, 0]]"
644,امور اقتصادی و دارایی,اموفر اقتصادی و درایی,2.0,2.0,0.0,"[[2], [], [], [1]]"
645,امور اقتصادی و دارایی,انور اقتثادی و دارایی,2.0,2.0,1.0,"[[0], [0], [], []]"
646,امور اقتصادی و دارایی,امور اصازدی و دارایی,3.0,1.0,0.0,"[[], [1, 1, 2], [], []]"
647,امور اقتصادی و دارایی,لندور اقتصادی و دارایی,3.0,1.0,1.0,"[[0, 0, 2], [], [], []]"
648,امور اقتصادی و دارایی,امور اقتصادی  دفاایی,3.0,2.0,0.0,"[[], [], [1], [2, 1]]"
649,نمایندگان مجلس شورای اسلامی,ضمایندگان مجلس شورای اسلامی,1.0,1.0,0.0,"[[0], [], [], []]"
650,نمایندگان مجلس شورای اسلامی,نمایندگان مجلس شدورای اسلامی,1.0,1.0,1.0,"[[], [], [2], []]"
651,نمایندگان مجلس شورای اسلامی,نمایندگان مجلس شورای اسخلمی,2.0,1.0,0.0,"[[], [], [], [2, 1]]"
652,نمایندگان مجلس شورای اسلامی,نمایندگان مجلس شورای سلتمی,2.0,1.0,1.0,"[[], [], [], [1, 0]]"
653,نمایندگان مجلس شورای اسلامی,نمایندگان مجلس شمرای الامی,2.0,2.0,0.0,"[[], [], [0], [1]]"
654,نمایندگان مجلس شورای اسلامی,نمایندکگان مجلس شوای اسلامی,2.0,2.0,1.0,"[[2], [], [1], []]"
655,نمایندگان مجلس شورای اسلامی,نمایندگان مجلس شورای ارقای,3.0,1.0,0.0,"[[], [], [], [0, 0, 1]]"
656,نمایندگان مجلس شورای اسلامی,نکماینذدگام مجلس شورای اسلامی,3.0,1.0,1.0,"[[2, 2, 0], [], [], []]"
657,نمایندگان مجلس شورای اسلامی,نماندگن مجل شورای اسلامی,3.0,2.0,0.0,"[[1, 1], [1], [], []]"
658,نمایندگان مجلس شورای اسلامی,نمایندکگام مجس شورای اسلامی,3.0,2.0,1.0,"[[2, 0], [1], [], []]"
659,ستاد کل نیروهای مسلح,ستاد کل نیروهی مسلح,1.0,1.0,0.0,"[[], [], [1], []]"
660,ستاد کل نیروهای مسلح,ستاد کل منیروهای مسلح,1.0,1.0,1.0,"[[], [], [2], []]"
661,ستاد کل نیروهای مسلح,ستژ کل نیروهای مسلح,2.0,1.0,0.0,"[[0, 1], [], [], []]"
662,ستاد کل نیروهای مسلح,ستاد کل میردهای مسلح,2.0,1.0,1.0,"[[], [], [0, 0], []]"
663,ستاد کل نیروهای مسلح,ستاد ل نیروهای مسلص,2.0,2.0,0.0,"[[], [1], [], [0]]"
664,ستاد کل نیروهای مسلح,ستاد گکل نیروهای مشسلح,2.0,2.0,1.0,"[[], [2], [], [2]]"
665,ستاد کل نیروهای مسلح,ضسیداد کل نیروهای مسلح,3.0,1.0,0.0,"[[2, 0, 2], [], [], []]"
666,ستاد کل نیروهای مسلح,ستاد کل نیروهای نمسبلجح,3.0,1.0,1.0,"[[], [], [], [2, 2, 2]]"
667,ستاد کل نیروهای مسلح,ستاد کل نیروهی بسح,3.0,2.0,0.0,"[[], [], [1], [0, 1]]"
668,ستاد کل نیروهای مسلح,ستاد کبل نیزوای مسلح,3.0,2.0,1.0,"[[], [2], [0, 1], []]"
669,کمیسیون برنامه و بودجه,کمیسیوک برنامه و بودجه,1.0,1.0,0.0,"[[0], [], [], []]"
670,کمیسیون برنامه و بودجه,کمیسیون برنامه و بوذدجه,1.0,1.0,1.0,"[[], [], [], [2]]"
671,کمیسیون برنامه و بودجه,کمیسیون برنامه و بوج,2.0,1.0,0.0,"[[], [], [], [1, 1]]"
672,کمیسیون برنامه و بودجه,کمیسیون بزنام و بودجه,2.0,1.0,1.0,"[[], [0, 1], [], []]"
673,کمیسیون برنامه و بودجه,کمیسیشون برنامه او بودجه,2.0,2.0,0.0,"[[2], [], [2], []]"
674,کمیسیون برنامه و بودجه,کمیسیومن برنامه د بودجه,2.0,2.0,1.0,"[[2], [], [0], []]"
675,کمیسیون برنامه و بودجه,کمیسیون برسناشم و بودجه,3.0,1.0,0.0,"[[], [2, 2, 1], [], []]"
676,کمیسیون برنامه و بودجه,کمیسسد برنامه و بودجه,3.0,1.0,1.0,"[[0, 0, 1], [], [], []]"
677,کمیسیون برنامه و بودجه,کمیسیون برنامه ت نبودجسه,3.0,2.0,0.0,"[[], [], [0], [2, 2]]"
678,کمیسیون برنامه و بودجه,کمیسیون یرناه دو بودجه,3.0,2.0,1.0,"[[], [0, 1], [2], []]"
679,مجمع عمومی سازمان ملل,مجمع عمومی سازمان ملج,1.0,1.0,0.0,"[[], [], [], [0]]"
680,مجمع عمومی سازمان ملل,مجمع عمومی سازمان کلل,1.0,1.0,1.0,"[[], [], [], [0]]"
681,مجمع عمومی سازمان ملل,مجمع عمومی سبازضمان ملل,2.0,1.0,0.0,"[[], [], [2, 2], []]"
682,مجمع عمومی سازمان ملل,مجمع عمی سازمان ملل,2.0,1.0,1.0,"[[], [1, 1], [], []]"
683,مجمع عمومی سازمان ملل,مجمث عمومی سازمن ملل,2.0,2.0,0.0,"[[0], [], [1], []]"
684,مجمع عمومی سازمان ملل,مجمه عمومی یسازمان ملل,2.0,2.0,1.0,"[[0], [], [2], []]"
685,مجمع عمومی سازمان ملل,مجمع عمومی لاحزمثان ملل,3.0,1.0,0.0,"[[], [], [0, 2, 2], []]"
686,مجمع عمومی سازمان ملل,مجمع عمومی ازکماتن ملل,3.0,1.0,1.0,"[[], [], [1, 2, 2], []]"
687,مجمع عمومی سازمان ملل,ثمجمع عمومی سازمان فل,3.0,2.0,0.0,"[[2], [], [], [0, 1]]"
688,مجمع عمومی سازمان ملل,مجمع عمونمبی سازکمان ملل,3.0,2.0,1.0,"[[], [2, 2], [2], []]"
689,بخش مراقبت‌های ویژه بیمارستان‌ها,خش مراقبت‌های ویژه بیمارستان‌ها,1.0,1.0,0.0,"[[1], [], [], []]"
690,بخش مراقبت‌های ویژه بیمارستان‌ها,بخش ماقبت‌های ویژه بیمارستان‌ها,1.0,1.0,1.0,"[[], [1], [], []]"
691,بخش مراقبت‌های ویژه بیمارستان‌ها,بخش مراقبت‌های گیضژه بیمارستان‌ها,2.0,1.0,0.0,"[[], [], [0, 2], []]"
692,بخش مراقبت‌های ویژه بیمارستان‌ها,بخش مراغبنت‌های ویژه بیمارستان‌ها,2.0,1.0,1.0,"[[], [0, 2], [], []]"
693,بخش مراقبت‌های ویژه بیمارستان‌ها,بخش مرقبت‌های ویژه بمارستان‌ها,2.0,2.0,0.0,"[[], [1], [], [1]]"
694,بخش مراقبت‌های ویژه بیمارستان‌ها,بحش مراقبت‌های ویژه بیمارستلان‌ها,2.0,2.0,1.0,"[[0], [], [], [2]]"
695,بخش مراقبت‌های ویژه بیمارستان‌ها,بخش مراقبت‌های ویژه بیچرسترن‌ها,3.0,1.0,0.0,"[[], [], [], [1, 0, 0]]"
696,بخش مراقبت‌های ویژه بیمارستان‌ها,بخش مراقبت‌های دوبیژ بیمارستان‌ها,3.0,1.0,1.0,"[[], [], [2, 2, 1], []]"
697,بخش مراقبت‌های ویژه بیمارستان‌ها,ب مضاقبت‌های ویژه بیمارستان‌ها,3.0,2.0,0.0,"[[1, 1], [0], [], []]"
698,بخش مراقبت‌های ویژه بیمارستان‌ها,خس مراقبت‌های ویژع بیمارستان‌ها,3.0,2.0,1.0,"[[1, 0], [], [0], []]"
699,ارتباطات و فناوری اطلاعات,ارتباطات و فندوری اطلاعات,1.0,1.0,0.0,"[[], [], [0], []]"
700,ارتباطات و فناوری اطلاعات,ارتباطات دو فناوری اطلاعات,1.0,1.0,1.0,"[[], [2], [], []]"
701,ارتباطات و فناوری اطلاعات,ارتباطات و رفناورغی اطلاعات,2.0,1.0,0.0,"[[], [], [2, 2], []]"
702,ارتباطات و فناوری اطلاعات,ارتباطات و فنار اطلاعات,2.0,1.0,1.0,"[[], [], [1, 1], []]"
703,ارتباطات و فناوری اطلاعات,ارتباطات  فناواری اطلاعات,2.0,2.0,0.0,"[[], [1], [2], []]"
704,ارتباطات و فناوری اطلاعات,ارتباطاط و فناوری اطلاهات,2.0,2.0,1.0,"[[0], [], [], [0]]"
705,ارتباطات و فناوری اطلاعات,ارتباطات و فناوری ذطکلاعدات,3.0,1.0,0.0,"[[], [], [], [0, 2, 2]]"
706,ارتباطات و فناوری اطلاعات,ارتباطات و غفنادورس اطلاعات,3.0,1.0,1.0,"[[], [], [2, 2, 0], []]"
707,ارتباطات و فناوری اطلاعات,ارتبزطات و فنورغی اطلاعات,3.0,2.0,0.0,"[[0], [], [1, 2], []]"
708,ارتباطات و فناوری اطلاعات,رتیاطات و فناوری اظلاعات,3.0,2.0,1.0,"[[1, 0], [], [], [0]]"
709,تیم ملی فوتبال ایران,تیم ملچ فوتبال ایران,1.0,1.0,0.0,"[[], [0], [], []]"
710,تیم ملی فوتبال ایران,تیم مل فوتبال ایران,1.0,1.0,1.0,"[[], [1], [], []]"
711,تیم ملی فوتبال ایران,تیم ملی فوتبال اویصان,2.0,1.0,0.0,"[[], [], [], [2, 0]]"
712,تیم ملی فوتبال ایران,تیم مبب فوتبال ایران,2.0,1.0,1.0,"[[], [0, 0], [], []]"
713,تیم ملی فوتبال ایران,تیم لی فوتبال ایراق,2.0,2.0,0.0,"[[], [1], [], [0]]"
714,تیم ملی فوتبال ایران,یم ملی فوتبال اسران,2.0,2.0,1.0,"[[1], [], [], [0]]"
715,تیم ملی فوتبال ایران,تیم پشثی فوتبال ایران,3.0,1.0,0.0,"[[], [0, 0, 2], [], []]"
716,تیم ملی فوتبال ایران,تیم ملی فوتبال اسیلن,3.0,1.0,1.0,"[[], [], [], [2, 1, 0]]"
717,تیم ملی فوتبال ایران,رتی ملی فوتبال ایرپان,3.0,2.0,0.0,"[[2, 1], [], [], [2]]"
718,تیم ملی فوتبال ایران,تیم کمبلی فوتبال اران,3.0,2.0,1.0,"[[], [2, 2], [], [1]]"
719,عضو شورای شهر تهران,عضو شورای شر تهران,1.0,1.0,0.0,"[[], [], [1], []]"
720,عضو شورای شهر تهران,عضو شوذای شهر تهران,1.0,1.0,1.0,"[[], [0], [], []]"
721,عضو شورای شهر تهران,فجضو شورای شهر تهران,2.0,1.0,0.0,"[[0, 2], [], [], []]"
722,عضو شورای شهر تهران,عضو شورای هز تهران,2.0,1.0,1.0,"[[], [], [1, 0], []]"
723,عضو شورای شهر تهران,عضو شورای شر تهرخن,2.0,2.0,0.0,"[[], [], [1], [0]]"
724,عضو شورای شهر تهران,ضو شورای شهر تهذران,2.0,2.0,1.0,"[[1], [], [], [2]]"
725,عضو شورای شهر تهران,عضو شورای شهر تهصچاضن,3.0,1.0,0.0,"[[], [], [], [0, 2, 2]]"
726,عضو شورای شهر تهران,عضو شورای  تهران,3.0,1.0,1.0,"[[], [], [1, 1, 1], []]"
727,عضو شورای شهر تهران,و شورای شهر سهران,3.0,2.0,0.0,"[[1, 1], [], [], [0]]"
728,عضو شورای شهر تهران,عضو شورای ر تهرا,3.0,2.0,1.0,"[[], [], [1, 1], [1]]"
729,مبارزه با قاچاق کالا,مبارزه بم قاچاق کالا,1.0,1.0,0.0,"[[], [0], [], []]"
730,مبارزه با قاچاق کالا,مبارزه با قاچاق کتالا,1.0,1.0,1.0,"[[], [], [], [2]]"
731,مبارزه با قاچاق کالا,مبارزه با قاچاق غاما,2.0,1.0,0.0,"[[], [], [], [0, 0]]"
732,مبارزه با قاچاق کالا,مبارزه با فاچا کالا,2.0,1.0,1.0,"[[], [], [0, 1], []]"
733,مبارزه با قاچاق کالا,مبارزه با قمچاق کاضلا,2.0,2.0,0.0,"[[], [], [0], [2]]"
734,مبارزه با قاچاق کالا,مبارزه بل قااق کالا,2.0,2.0,1.0,"[[], [0], [1], []]"
735,مبارزه با قاچاق کالا,مبارزه با پذاچماق کالا,3.0,1.0,0.0,"[[], [], [0, 2, 2], []]"
736,مبارزه با قاچاق کالا,نباذه با قاچاق کالا,3.0,1.0,1.0,"[[0, 0, 1], [], [], []]"
737,مبارزه با قاچاق کالا,مبارزه بز قافچاضق کالا,3.0,2.0,0.0,"[[], [0], [2, 2], []]"
738,مبارزه با قاچاق کالا,ملارزخ با قاچتق کالا,3.0,2.0,1.0,"[[0, 0], [], [0], []]"
739,مرحله یک چهارم نهایی,مرحله ریک چهارم نهایی,1.0,1.0,0.0,"[[], [2], [], []]"
740,مرحله یک چهارم نهایی,مرحله یک هارم نهایی,1.0,1.0,1.0,"[[], [], [1], []]"
741,مرحله یک چهارم نهایی,مرحله یک چهاژرحم نهایی,2.0,1.0,0.0,"[[], [], [2, 2], []]"
742,مرحله یک چهارم نهایی,مرحله یک چهارم ایی,2.0,1.0,1.0,"[[], [], [], [1, 1]]"
743,مرحله یک چهارم نهایی,مرحله عک چهارم نهیی,2.0,2.0,0.0,"[[], [0], [], [1]]"
744,مرحله یک چهارم نهایی,مرحل بیک چهارم نهایی,2.0,2.0,1.0,"[[1], [2], [], []]"
745,مرحله یک چهارم نهایی,مرحله یک چهارم غای,3.0,1.0,0.0,"[[], [], [], [0, 1, 1]]"
746,مرحله یک چهارم نهایی,مرهحآ یک چهارم نهایی,3.0,1.0,1.0,"[[2, 0, 1], [], [], []]"
747,مرحله یک چهارم نهایی,مرحله یک چهار خایی,3.0,2.0,0.0,"[[], [], [1], [0, 1]]"
748,مرحله یک چهارم نهایی,محه یک چهارم تهایی,3.0,2.0,1.0,"[[1, 1], [], [], [0]]"
749,حمله روسیه به اوکراین,حمنله روسیه به اوکراین,1.0,1.0,0.0,"[[2], [], [], []]"
750,حمله روسیه به اوکراین,حمله روسیه بخه اوکراین,1.0,1.0,1.0,"[[], [], [2], []]"
751,حمله روسیه به اوکراین,حمله ثروعیه به اوکراین,2.0,1.0,0.0,"[[], [2, 0], [], []]"
752,حمله روسیه به اوکراین,حمآلخ روسیه به اوکراین,2.0,1.0,1.0,"[[2, 0], [], [], []]"
753,حمله روسیه به اوکراین,حمله رثوسیه به اکراین,2.0,2.0,0.0,"[[], [2], [], [1]]"
754,حمله روسیه به اوکراین,حکله روشیه به اوکراین,2.0,2.0,1.0,"[[0], [0], [], []]"
755,حمله روسیه به اوکراین,جحمب روسیه به اوکراین,3.0,1.0,1.0,"[[2, 0, 1], [], [], []]"
756,حمله روسیه به اوکراین,حمله حرسیه به اوراین,3.0,2.0,0.0,"[[], [2, 1], [], [1]]"
757,حمله روسیه به اوکراین,حمله زروسیه لخ اوکراین,3.0,2.0,1.0,"[[], [2], [0, 0], []]"
758,شرکت ملی نفت ایران,شرکت می نفت ایران,1.0,1.0,0.0,"[[], [1], [], []]"
759,شرکت ملی نفت ایران,شرکت نملی نفت ایران,1.0,1.0,1.0,"[[], [2], [], []]"
760,شرکت ملی نفت ایران,شرکت ملی نفت اینرن,2.0,1.0,0.0,"[[], [], [], [2, 1]]"
761,شرکت ملی نفت ایران,شرکت کمالی نفت ایران,2.0,1.0,1.0,"[[], [2, 2], [], []]"
762,شرکت ملی نفت ایران,شآکت ملی نفت ایراچن,2.0,2.0,0.0,"[[0], [], [], [2]]"
763,شرکت ملی نفت ایران,شرکت می نفت ایزران,2.0,2.0,1.0,"[[], [1], [], [2]]"
764,شرکت ملی نفت ایران,عمرک ملی نفت ایران,3.0,1.0,0.0,"[[0, 2, 1], [], [], []]"
765,شرکت ملی نفت ایران,شزرگا ملی نفت ایران,3.0,1.0,1.0,"[[2, 0, 0], [], [], []]"
766,شرکت ملی نفت ایران,شرکت لض نفت اشیران,3.0,2.0,0.0,"[[], [1, 0], [], [2]]"
767,شرکت ملی نفت ایران,شرکت ی نفت ایرا,3.0,2.0,1.0,"[[], [1, 1], [], [1]]"
768,ستاد هماهنگی اقتصادی دولت,ستاد هماهفنگی اقتصادی دولت,1.0,1.0,0.0,"[[], [2], [], []]"
769,ستاد هماهنگی اقتصادی دولت,شتاد هماهنگی اقتصادی دولت,1.0,1.0,1.0,"[[0], [], [], []]"
770,ستاد هماهنگی اقتصادی دولت,ستاد هعماهلنگی اقتصادی دولت,2.0,1.0,0.0,"[[], [2, 2], [], []]"
771,ستاد هماهنگی اقتصادی دولت,سطاذ هماهنگی اقتصادی دولت,2.0,1.0,1.0,"[[0, 0], [], [], []]"
772,ستاد هماهنگی اقتصادی دولت,ستاد غماهنگی اقتصادی دوظلت,2.0,2.0,0.0,"[[], [0], [], [2]]"
773,ستاد هماهنگی اقتصادی دولت,ستد عهماهنگی اقتصادی دولت,2.0,2.0,1.0,"[[1], [2], [], []]"
774,ستاد هماهنگی اقتصادی دولت,رتغاشد هماهنگی اقتصادی دولت,3.0,1.0,0.0,"[[0, 2, 2], [], [], []]"
775,ستاد هماهنگی اقتصادی دولت,ستاد هماهنگی لقتاد دولت,3.0,1.0,1.0,"[[], [], [0, 1, 1], []]"
776,ستاد هماهنگی اقتصادی دولت,ستاد هماهننگی اقتصادی ول,3.0,2.0,0.0,"[[], [2], [], [1, 1]]"
777,ستاد هماهنگی اقتصادی دولت,ستاد هماهنگی اقاصادی ددول,3.0,2.0,1.0,"[[], [], [0], [2, 1]]"
778,تیم ملی کشتی فرنگی,تیم ملی کشتی فرسگی,1.0,1.0,0.0,"[[], [], [], [0]]"
779,تیم ملی کشتی فرنگی,تیم ملی کشتی غفرنگی,1.0,1.0,1.0,"[[], [], [], [2]]"
780,تیم ملی کشتی فرنگی,تایز ملی کشتی فرنگی,2.0,1.0,0.0,"[[2, 0], [], [], []]"
781,تیم ملی کشتی فرنگی,طسم ملی کشتی فرنگی,2.0,1.0,1.0,"[[0, 0], [], [], []]"
782,تیم ملی کشتی فرنگی,تیم لی کرتی فرنگی,2.0,2.0,0.0,"[[], [1], [0], []]"
783,تیم ملی کشتی فرنگی,یم ملی کشتی قفرنگی,2.0,2.0,1.0,"[[1], [], [], [2]]"
784,تیم ملی کشتی فرنگی,تیم آپ کشتی فرنگی,3.0,1.0,0.0,"[[], [0, 1, 0], [], []]"
785,تیم ملی کشتی فرنگی,نتبک ملی کشتی فرنگی,3.0,1.0,1.0,"[[2, 0, 0], [], [], []]"
786,تیم ملی کشتی فرنگی,تیم شل کشتی فرانگی,3.0,2.0,0.0,"[[], [0, 1], [], [2]]"
787,تیم ملی کشتی فرنگی,تی ملی کشتی رتگی,3.0,2.0,1.0,"[[1], [], [], [1, 0]]"
